YEAR,MONTH,AIRPORT,FLIGHTS,STRIKES,WND_ANG_MEAN,WND_SPD_MEAN,CIG_MEAN,VIS_MEAN,TMP_MEAN,DEW_MEAN,SLP_MEAN
2018,1,ATL,66907,7,222.86,4.26,11381.0,16026.57,0.0,-8.34,1030.02
2018,1,AUS,9702,4,100.0,3.22,7821.0,15020.33,14.2,8.45,1019.62
2018,1,CLT,39493,4,255.0,1.42,22000.0,16046.5,-0.85,-6.52,1029.95
2018,1,CVG,7823,5,186.67,4.65,1249.0,9659.25,3.48,0.15,1024.03
2018,1,DAL,12019,5,217.5,3.38,14839.8,16093.0,1.0,-5.44,1030.24
2018,1,DEN,43930,7,223.33,3.07,22000.0,16066.43,0.71,-10.39,1022.17
2018,1,DFW,49831,11,220.0,5.53,22000.0,15887.55,2.63,-7.05,1027.52
2018,1,DTW,29512,6,238.33,3.88,762.0,14682.17,1.03,-1.3,1020.57
2018,1,FLL,23444,5,326.0,3.38,13596.2,16093.0,12.78,8.78,1020.38
2018,1,IAH,34523,7,293.33,3.14,18874.57,14332.29,9.76,1.99,1024.27
2018,1,JFK,32015,10,271.0,4.58,17605.0,14401.4,-3.17,-8.77,1029.62
2018,1,LAX,52042,8,97.5,1.8,22000.0,14255.88,13.86,4.3,1016.64
2018,1,MCI,9126,0,,,,,,,
2018,1,MCO,26649,2,290.0,3.85,11442.0,16093.0,11.65,6.1,1017.1
2018,1,MEM,3939,7,252.86,4.91,15210.33,14700.29,2.23,-5.09,1023.84
2018,1,ORD,65966,2,240.0,3.85,,8500.0,1.95,0.0,1009.05
2018,1,RSW,7816,5,44.0,3.62,22000.0,16093.0,9.88,4.32,1026.86
2018,1,SDF,3711,1,170.0,7.7,1006.0,16093.0,15.6,11.1,
2018,1,SEA,31666,5,188.0,5.88,7648.33,14734.0,6.54,4.42,1015.3
2018,1,SLC,19846,3,310.0,1.37,12371.5,16031.0,0.17,-3.33,1029.13
2018,1,TPA,14399,3,143.33,4.8,14737.67,16031.0,11.87,8.13,1025.6
2018,2,ATL,62386,12,174.0,3.22,8505.11,13463.92,14.98,11.25,1024.44
2018,2,AUS,8956,8,110.0,3.74,4276.33,15868.62,10.8,7.78,1018.39
2018,2,CLT,37408,6,194.0,3.12,10488.6,16077.5,10.47,4.08,1026.94
2018,2,CVG,7351,6,155.0,4.55,11838.25,16062.0,5.47,0.63,1023.45
2018,2,DAL,10723,1,350.0,9.8,22000.0,16093.0,15.0,7.2,
2018,2,DEN,39445,3,206.67,5.13,14758.0,14483.67,-6.1,-13.53,1012.75
2018,2,DFW,45375,18,165.33,4.26,9311.42,12479.33,10.37,7.67,1016.72
2018,2,DTW,26391,7,201.43,5.13,4572.0,13013.29,0.77,-1.81,1023.1
2018,2,FLL,22096,4,92.5,7.07,6483.25,16093.0,24.58,20.3,1024.3
2018,2,IAH,32644,5,90.0,3.72,188.8,3218.6,16.12,15.1,1019.3
2018,2,JFK,30640,12,236.36,3.6,12056.67,14051.58,1.22,-3.5,1028.67
2018,2,LAX,46923,3,110.0,2.23,11061.0,11471.33,11.87,5.73,1017.17
2018,2,MCI,8179,4,177.5,3.35,1280.0,8825.75,3.05,0.27,1017.62
2018,2,MCO,24794,6,20.0,0.77,11873.83,12204.0,17.32,15.08,1023.03
2018,2,MEM,3668,5,152.0,3.92,731.5,11386.0,7.9,4.54,1022.94
2018,2,ORD,58421,4,235.0,3.85,731.5,13632.5,-0.15,-4.45,1021.28
2018,2,RSW,7712,5,92.5,2.06,13450.0,12954.8,19.0,17.2,1021.78
2018,2,SDF,3421,1,,0.0,,2000.0,3.9,3.3,1009.5
2018,2,SEA,28123,4,167.5,5.15,1829.0,16023.25,5.43,3.05,1022.78
2018,2,SLC,18200,1,190.0,7.2,,16000.0,1.1,-10.6,1022.2
2018,2,TPA,13420,6,220.0,1.63,14687.0,12249.17,18.9,17.03,1022.3
2018,3,ATL,74254,11,220.0,6.08,17206.67,15562.36,6.6,0.42,1023.01
2018,3,AUS,10735,5,184.0,3.18,9043.25,16074.4,18.78,11.78,1014.42
2018,3,CLT,42651,6,158.0,2.9,10915.4,14744.17,11.2,0.75,1017.37
2018,3,CVG,8790,7,272.5,3.46,13286.0,13584.71,1.41,-2.21,1019.07
2018,3,DAL,12280,18,148.12,3.68,9636.28,15735.44,14.95,8.86,1019.44
2018,3,DEN,46228,18,222.22,5.09,16247.67,15602.06,4.32,-4.54,1012.63
2018,3,DFW,52194,9,174.29,4.29,14969.25,14562.78,17.47,4.74,1013.2
2018,3,DTW,32369,14,209.09,2.82,16063.67,15448.5,-2.39,-7.29,1021.05
2018,3,FLL,25441,4,277.5,4.25,22000.0,16093.0,21.38,16.55,1019.98
2018,3,IAH,37410,6,230.0,3.6,12422.5,15288.33,16.97,8.23,1016.77
2018,3,JFK,33757,4,232.5,4.62,15174.67,16069.75,2.38,-5.85,1022.05
2018,3,LAX,53301,11,196.25,3.28,6053.36,12216.09,14.41,9.97,1016.21
2018,3,MCI,9851,2,240.0,6.2,,16000.0,4.15,-1.1,1020.65
2018,3,MCO,29359,5,262.0,6.18,15638.4,16093.0,18.22,2.88,1018.8
2018,3,MEM,4297,14,192.73,4.89,9316.82,15386.71,14.48,8.08,1017.57
2018,3,ORD,70183,4,105.0,4.25,14961.33,16046.5,0.4,-5.82,1027.07
2018,3,RSW,9584,4,210.0,3.6,22000.0,15690.75,20.0,14.18,1016.93
2018,3,SDF,4015,4,217.5,3.7,3566.33,12667.5,10.42,4.58,1015.6
2018,3,SEA,33090,6,178.33,3.02,15682.67,16031.0,7.02,3.27,1015.97
2018,3,SLC,21592,4,192.5,4.75,11564.0,12246.5,7.35,-0.42,1013.92
2018,3,TPA,15990,5,156.67,2.36,22000.0,14637.2,17.0,11.9,1018.38
2018,4,ATL,72303,23,218.5,3.16,11935.8,13059.26,14.04,9.77,1015.94
2018,4,AUS,11090,10,100.0,2.52,11218.5,14851.2,13.67,10.27,1017.61
2018,4,CLT,42366,15,146.43,3.66,16030.31,14505.4,13.35,6.89,1015.31
2018,4,CVG,8917,4,310.0,2.92,22000.0,15069.75,5.7,0.13,1021.82
2018,4,DAL,11737,19,161.18,4.24,10147.47,15838.95,14.44,8.33,1018.46
2018,4,DEN,45472,28,218.21,5.29,14570.94,14548.32,6.53,-2.95,1008.34
2018,4,DFW,50792,24,253.64,5.6,14321.45,15896.92,13.36,8.24,1016.95
2018,4,DTW,31455,12,240.0,3.46,18983.43,9957.42,3.98,-0.94,1017.19
2018,4,FLL,23922,5,197.5,3.48,9513.2,16093.0,25.34,21.9,1014.68
2018,4,IAH,35719,16,217.0,2.86,13137.47,15483.69,20.66,13.22,1017.13
2018,4,JFK,35323,8,148.57,4.46,10268.86,13620.0,8.19,0.92,1018.65
2018,4,LAX,52868,11,225.0,2.76,16541.88,13791.55,14.29,7.98,1015.96
2018,4,MCI,9506,4,187.5,5.03,10361.0,16069.75,13.2,6.52,1008.18
2018,4,MCO,27392,14,186.15,4.3,16700.67,15505.0,20.63,14.94,1017.69
2018,4,MEM,4246,20,152.5,4.38,16477.16,15112.55,13.92,3.78,1018.06
2018,4,ORD,69931,11,207.78,3.8,16576.12,14449.91,4.7,-4.79,1018.84
2018,4,RSW,6801,2,190.0,3.1,11686.0,16093.0,22.75,20.25,1014.7
2018,4,SDF,4221,3,140.0,2.9,14048.0,16062.0,14.1,2.43,1019.7
2018,4,SEA,33458,16,193.08,3.88,11409.5,14649.44,9.13,4.44,1018.53
2018,4,SLC,20207,10,217.0,5.16,13590.75,16065.1,15.28,-1.93,1011.74
2018,4,TPA,14387,8,168.57,3.42,6851.86,16081.38,21.39,16.74,1017.31
2018,5,ATL,75032,15,148.46,3.19,14821.6,13334.33,22.2,16.85,1017.97
2018,5,AUS,11701,16,165.71,4.11,12341.33,15081.38,27.72,19.32,1010.92
2018,5,CLT,43963,22,214.09,3.36,12349.79,15635.95,22.05,16.39,1018.4
2018,5,CVG,9425,12,180.83,3.14,14125.44,12936.08,19.59,15.01,1015.28
2018,5,DAL,12024,16,156.67,4.28,16424.25,15791.25,25.94,18.61,1012.64
2018,5,DEN,47627,53,217.69,3.8,11797.67,13590.08,12.85,5.32,1010.33
2018,5,DFW,53339,27,180.77,4.4,15889.77,15623.41,23.17,17.32,1013.34
2018,5,DTW,32550,30,163.2,2.97,6607.75,10971.2,16.25,11.21,1015.17
2018,5,FLL,23122,6,151.67,4.8,9441.67,16093.0,25.92,24.28,1015.38
2018,5,IAH,36386,29,147.14,2.75,17899.04,15501.69,24.84,20.32,1014.44
2018,5,JFK,37151,23,163.5,4.48,9830.24,13532.48,17.81,12.33,1016.62
2018,5,LAX,55059,10,209.0,4.21,19677.44,15582.3,16.68,11.21,1018.0
2018,5,MCI,9929,19,171.18,3.42,12044.91,14418.37,18.34,14.37,1012.77
2018,5,MCO,26994,13,113.85,2.9,14145.89,15735.23,22.83,20.25,1018.04
2018,5,MEM,4545,48,189.0,2.97,15741.6,15726.62,23.23,17.17,1015.46
2018,5,ORD,72870,46,137.63,3.01,15313.07,12126.89,16.21,10.32,1015.19
2018,5,RSW,4918,6,121.67,4.47,8029.17,14215.67,23.42,22.4,1017.4
2018,5,SDF,4692,32,157.42,3.28,17053.29,14030.38,20.21,14.79,1016.64
2018,5,SEA,35492,11,242.22,3.05,11159.56,16076.09,16.08,8.78,1016.28
2018,5,SLC,20594,28,223.6,2.63,16824.32,15934.89,14.35,5.92,1010.64
2018,5,TPA,13893,14,120.77,3.12,12066.7,13566.43,24.49,19.01,1018.7
2018,6,ATL,74976,13,234.55,2.74,16214.33,14883.0,23.25,19.48,1015.22
2018,6,AUS,11861,6,176.0,3.78,10555.8,13903.17,28.52,21.77,1010.04
2018,6,CLT,41123,15,232.0,2.29,13638.5,15632.87,25.68,20.36,1014.41
2018,6,CVG,9545,16,174.67,3.37,11937.33,14713.44,21.83,17.84,1014.59
2018,6,DAL,11766,14,173.57,5.62,11427.14,16093.0,27.09,20.99,1012.0
2018,6,DEN,50415,131,201.78,4.6,20250.55,15440.96,17.17,5.75,1008.67
2018,6,DFW,55311,16,192.67,4.79,18705.0,16029.06,26.68,21.14,1011.22
2018,6,DTW,32618,55,126.85,3.15,10165.06,11078.24,19.26,14.23,1012.59
2018,6,FLL,22778,4,136.67,1.78,6782.0,16093.0,27.35,25.15,1016.42
2018,6,IAH,37476,14,186.15,2.34,17907.85,15734.93,26.72,24.48,1013.39
2018,6,JFK,37940,7,168.57,5.29,10147.67,12948.86,23.66,18.66,1010.49
2018,6,LAX,55840,13,200.0,2.93,14296.45,15569.23,17.77,14.21,1012.5
2018,6,MCI,10092,16,176.88,3.91,14550.2,15546.5,23.5,19.82,1011.02
2018,6,MCO,26913,12,236.0,2.1,16034.89,16054.25,26.15,22.23,1016.22
2018,6,MEM,4636,20,215.0,3.11,12242.85,16051.15,25.6,20.98,1014.01
2018,6,ORD,74675,27,146.67,3.3,12164.38,12400.19,21.67,16.3,1013.42
2018,6,RSW,4078,8,174.29,2.0,22000.0,16093.0,27.01,23.81,1017.72
2018,6,SDF,4635,6,188.0,2.83,9380.67,16077.5,26.3,19.43,1013.55
2018,6,SEA,37683,5,198.0,2.68,5454.6,16074.4,13.56,8.2,1019.46
2018,6,SLC,20941,32,208.0,3.37,20293.79,16020.34,17.83,3.36,1010.7
2018,6,TEB,2,6,130.0,4.47,11152.5,12606.33,24.75,18.23,1013.23
2018,6,TPA,13270,22,244.38,3.0,13461.0,15912.91,27.9,22.75,1016.41
2018,7,ATL,77127,33,146.0,3.15,14404.82,13000.3,24.57,20.19,1018.36
2018,7,AUS,12164,19,140.0,2.91,15323.36,15203.42,31.82,18.54,1014.08
2018,7,CLT,44045,17,221.0,2.12,17366.71,12748.0,24.55,20.58,1014.87
2018,7,CVG,9464,22,211.67,2.6,19975.25,15608.23,23.48,17.1,1016.61
2018,7,DAL,11985,21,160.48,3.21,14934.67,15863.14,28.75,21.15,1015.5
2018,7,DEN,51926,55,210.4,4.43,19001.71,15079.98,18.89,10.25,1014.88
2018,7,DFW,56773,39,136.97,3.06,18316.08,15704.49,27.39,19.47,1015.09
2018,7,DTW,33138,67,144.91,2.69,16097.71,13311.81,21.96,15.13,1018.93
2018,7,FLL,23513,9,160.0,2.44,12724.11,16093.0,28.69,25.77,1017.58
2018,7,IAH,38350,16,171.82,2.56,12207.2,14312.5,26.59,23.7,1017.47
2018,7,JFK,39480,20,133.16,3.84,19227.56,15805.8,24.06,18.29,1019.21
2018,7,LAX,57972,10,211.25,2.32,15840.57,13559.1,21.89,17.33,1013.42
2018,7,MCI,10249,53,127.5,2.69,16609.91,15250.32,22.63,18.4,1017.64
2018,7,MCO,27579,20,154.62,2.34,10838.47,14692.55,27.2,23.85,1017.18
2018,7,MEM,4644,16,178.33,2.36,16265.87,15857.0,26.08,21.49,1015.94
2018,7,ORD,78539,50,229.74,2.69,20099.43,14917.2,23.14,16.3,1016.99
2018,7,RSW,4114,8,205.0,2.78,22000.0,16093.0,28.19,24.22,1017.7
2018,7,SDF,4777,10,151.0,3.54,18465.78,14304.3,26.09,18.58,1017.26
2018,7,SEA,40173,21,208.75,2.48,14878.4,16057.57,17.6,11.61,1019.84
2018,7,SLC,21882,16,187.5,4.05,18567.33,16034.88,26.14,7.58,1012.53
2018,7,TEB,1,15,194.29,4.05,9096.87,14912.87,26.25,21.39,1020.03
2018,7,TPA,13623,16,170.0,2.74,19163.82,16034.88,27.99,23.16,1016.72
2018,8,ATL,77425,22,252.35,2.53,15545.1,15101.05,24.49,20.37,1018.36
2018,8,AUS,11894,31,179.5,2.82,14728.35,15867.35,30.58,19.84,1014.63
2018,8,CLT,44787,19,204.62,2.12,12875.18,15136.95,26.15,22.02,1018.82
2018,8,CVG,9656,24,213.33,2.3,12649.21,12953.17,21.64,19.73,1016.35
2018,8,DAL,12079,25,187.92,3.84,15125.12,15899.88,28.49,20.92,1016.05
2018,8,DEN,51882,18,222.94,4.63,18534.73,15967.44,21.71,5.19,1008.58
2018,8,DFW,56491,53,179.59,3.86,17389.88,15167.3,26.17,19.96,1014.52
2018,8,DTW,34143,59,224.07,2.92,10848.66,8807.8,21.57,17.89,1015.28
2018,8,FLL,22546,9,142.5,3.54,13983.33,16093.0,27.78,25.19,1018.13
2018,8,IAH,38157,9,215.0,1.49,20202.5,16093.0,28.2,23.68,1016.99
2018,8,JFK,39460,18,198.75,3.97,16555.46,15515.28,24.15,21.93,1017.29
2018,8,LAX,57694,10,197.78,3.0,19124.0,15752.6,22.31,17.34,1013.43
2018,8,MCI,10247,34,207.27,3.79,14783.47,13730.0,19.99,17.3,1015.69
2018,8,MCO,25957,25,136.5,2.4,20202.5,15960.92,26.63,23.73,1018.66
2018,8,MEM,4576,29,178.8,3.4,13183.68,15372.9,25.94,21.41,1017.23
2018,8,ORD,77796,40,200.29,3.4,13853.05,13285.02,22.63,18.07,1014.97
2018,8,RSW,3797,19,87.65,2.9,22000.0,16093.0,27.11,23.68,1018.9
2018,8,SDF,4737,21,188.82,2.48,14509.94,15694.33,25.63,20.19,1015.31
2018,8,SEA,39878,14,246.36,1.82,11518.0,10642.86,17.12,11.72,1016.08
2018,8,SLC,22407,48,182.86,3.29,19737.2,15553.42,21.59,6.66,1011.1
2018,8,TPA,12660,11,136.25,2.1,16681.67,16050.73,29.35,22.42,1019.11
2018,9,ATL,69019,36,201.14,2.93,12754.67,15225.58,26.37,20.28,1017.83
2018,9,AUS,10923,19,118.18,2.11,8273.17,15889.37,26.07,21.88,1012.95
2018,9,CLT,41202,29,163.6,2.28,11621.81,14880.97,25.54,21.3,1017.78
2018,9,CVG,8719,14,143.08,3.2,11788.0,15212.64,22.11,18.06,1018.09
2018,9,DAL,11362,15,192.31,2.95,7630.47,15663.87,24.75,20.75,1014.32
2018,9,DEN,47573,71,179.09,4.34,17871.77,16056.32,15.54,3.92,1011.77
2018,9,DFW,50218,29,102.14,3.79,8397.67,14324.79,22.06,18.78,1014.69
2018,9,DTW,30854,43,133.41,3.39,12201.42,11109.74,18.77,14.83,1020.57
2018,9,FLL,20141,19,112.86,3.22,16188.79,16093.0,27.26,25.23,1014.91
2018,9,IAH,34796,12,158.89,2.28,11828.0,14215.5,26.38,23.84,1013.79
2018,9,JFK,36368,17,115.29,4.39,7528.79,14840.47,21.79,17.29,1021.8
2018,9,LAX,52232,16,224.62,2.64,10291.85,12703.06,19.33,16.36,1011.74
2018,9,MCI,9348,35,139.7,4.54,9947.33,13817.24,18.57,15.14,1017.07
2018,9,MCO,23354,15,107.5,3.54,16058.71,16086.8,28.0,23.45,1016.41
2018,9,MEM,4332,35,113.57,2.82,11457.52,15563.71,23.27,18.57,1016.48
2018,9,ORD,72710,63,173.89,3.74,14420.89,15464.89,19.77,14.75,1017.82
2018,9,RSW,3279,16,91.33,2.84,22000.0,16093.0,26.21,24.11,1017.62
2018,9,SDF,4458,51,200.82,2.79,11653.4,16085.71,23.36,17.33,1017.32
2018,9,SEA,34635,12,153.64,2.59,9187.5,16046.5,14.62,9.49,1018.16
2018,9,SLC,20030,48,191.84,3.28,21082.9,15817.52,19.88,1.99,1010.43
2018,9,TEB,75,22,187.22,2.69,12218.91,13679.05,20.33,16.88,1020.72
2018,9,TPA,11473,27,134.76,2.64,17340.52,15770.89,29.79,23.38,1016.23
2018,10,ATL,72594,34,242.73,3.44,18125.48,15149.38,19.88,13.33,1017.85
2018,10,AUS,11552,19,230.67,2.95,6842.07,13786.63,17.79,14.07,1017.77
2018,10,CLT,44331,27,223.18,2.68,15270.25,14872.7,18.7,12.22,1016.13
2018,10,CVG,9344,14,152.31,3.21,13673.73,15829.93,15.91,11.44,1019.62
2018,10,DAL,12027,16,105.0,3.54,10252.19,16093.0,20.27,15.01,1018.84
2018,10,DEN,49548,32,191.33,4.3,15659.4,15647.12,8.72,-0.96,1016.14
2018,10,DFW,52379,51,195.0,4.1,12775.82,14554.12,17.17,13.59,1016.99
2018,10,DTW,32296,30,176.8,2.82,11970.93,12184.07,10.77,6.83,1019.05
2018,10,FLL,21305,20,163.0,4.38,13755.1,16093.0,28.08,25.3,1013.4
2018,10,IAH,36564,15,170.83,2.98,11668.8,13377.8,20.92,18.09,1016.06
2018,10,JFK,36593,66,267.97,5.36,16425.31,15881.03,10.35,3.96,1018.93
2018,10,LAX,53415,26,162.78,2.07,13803.29,12734.85,18.43,12.55,1013.45
2018,10,MCI,10061,38,143.24,3.46,9299.59,12049.32,12.13,10.09,1018.86
2018,10,MCO,25785,19,144.44,4.26,19518.62,16063.63,26.98,19.5,1015.88
2018,10,MEM,4679,36,194.86,3.11,16603.0,15692.36,18.64,13.75,1015.72
2018,10,ORD,76616,41,242.82,4.11,16606.73,14844.12,7.16,2.13,1019.73
2018,10,RSW,4258,4,50.0,1.02,16782.0,16093.0,24.3,22.62,1012.75
2018,10,SDF,4964,24,226.67,3.78,11974.32,16077.5,17.32,11.0,1021.03
2018,10,SEA,34148,10,210.0,1.71,13006.86,11126.8,13.21,7.34,1021.04
2018,10,SLC,20780,26,240.0,4.5,9966.41,16053.65,7.67,0.55,1014.24
2018,10,TEB,23,27,234.35,3.88,11969.7,14155.89,12.93,7.25,1018.5
2018,10,TPA,12712,10,95.71,2.44,19694.44,16055.8,26.33,19.85,1017.29
2018,11,ATL,68433,25,213.04,4.15,9623.24,12127.88,8.04,3.32,1019.98
2018,11,AUS,10799,10,180.0,4.77,9130.12,14948.0,18.11,11.17,1015.0
2018,11,CLT,42387,16,222.0,3.31,17758.93,15684.94,10.11,2.37,1019.12
2018,11,CVG,8450,7,120.0,3.14,3179.67,11370.71,3.57,0.63,1022.53
2018,11,DAL,11478,9,232.5,4.7,18973.78,16093.0,11.01,4.92,1015.8
2018,11,DEN,45834,5,162.0,5.14,9586.4,16074.4,3.44,-6.1,1017.7
2018,11,DFW,50755,26,225.2,5.19,13757.35,16035.77,8.81,2.73,1017.54
2018,11,DTW,29993,3,260.0,4.97,914.5,10640.33,7.23,2.43,1021.65
2018,11,FLL,22580,11,156.0,3.14,12604.64,16093.0,23.7,20.41,1016.61
2018,11,IAH,36082,8,152.86,3.66,5813.25,13477.88,14.81,9.93,1022.08
2018,11,JFK,33842,29,184.81,4.69,17712.4,15613.14,6.18,-0.36,1025.36
2018,11,LAX,50681,14,156.0,2.35,17559.12,14454.14,16.59,10.73,1015.11
2018,11,MCI,9036,5,266.0,3.0,9924.0,12934.0,2.32,-3.12,1019.64
2018,11,MCO,26607,5,236.0,4.3,12317.4,16093.0,16.78,10.2,1020.2
2018,11,MEM,4509,20,225.88,3.98,10709.0,14783.95,8.88,5.55,1020.18
2018,11,ORD,69155,7,242.86,4.57,3145.6,13767.43,1.04,-3.01,1020.36
2018,11,RSW,5776,4,142.5,2.58,16881.0,16093.0,22.92,20.85,1016.42
2018,11,SDF,4583,5,167.5,3.6,579.0,10598.25,3.05,-0.98,1023.0
2018,11,SEA,32217,11,141.0,4.74,3877.0,15043.64,9.4,6.33,1012.74
2018,11,SLC,19366,7,223.33,4.0,11792.33,16066.43,2.56,-4.4,1024.08
2018,11,TEB,16,7,272.0,2.43,19292.57,16093.0,8.61,-1.81,1027.33
2018,11,TPA,13556,8,151.67,2.81,17648.0,14123.25,18.84,15.2,1017.64
2018,12,ATL,69325,10,307.0,4.79,17105.11,16055.8,5.94,-2.71,1021.54
2018,12,AUS,10604,6,70.0,1.98,12219.25,16046.5,10.0,1.1,1020.83
2018,12,CLT,41053,8,62.5,1.1,16292.33,14905.88,5.06,0.01,1019.3
2018,12,CVG,8186,7,227.14,3.74,6345.75,13363.43,-0.07,-3.19,1020.3
2018,12,DAL,11478,7,161.43,2.81,16859.43,15173.43,2.14,-0.49,1025.09
2018,12,DEN,46681,6,245.0,3.02,22000.0,16046.5,-1.5,-10.65,1017.32
2018,12,DFW,51090,8,295.0,4.96,18786.0,16023.25,6.24,-1.02,1018.14
2018,12,DTW,29908,3,263.33,3.6,,13666.67,-1.67,-6.1,1023.77
2018,12,FLL,24620,10,203.0,3.65,14035.1,16093.0,21.6,18.27,1018.82
2018,12,IAH,37249,6,66.67,4.45,16216.0,16093.0,14.8,6.12,1020.2
2018,12,JFK,36114,9,240.0,6.11,8044.5,10036.22,5.82,3.28,1018.13
2018,12,LAX,52919,15,126.92,2.27,15100.0,15176.87,14.55,6.52,1018.2
2018,12,MCI,9416,2,185.0,3.35,1189.0,10414.0,0.0,-2.25,1013.3
2018,12,MCO,28998,5,197.5,2.98,9476.0,12130.2,15.44,13.44,1019.44
2018,12,MEM,4538,7,284.0,1.33,7467.5,15026.57,4.46,1.66,1022.61
2018,12,ORD,72518,4,296.67,2.98,13034.5,13296.5,-2.78,-4.72,1016.98
2018,12,RSW,7238,2,185.0,8.25,22000.0,16093.0,23.55,20.6,1005.4
2018,12,SDF,4543,1,330.0,4.6,,16000.0,2.2,-2.2,1022.7
2018,12,SEA,33509,6,140.0,3.12,22000.0,14377.5,5.0,2.03,1019.88
2018,12,SLC,20514,4,230.0,1.92,8288.33,11925.75,-2.48,-4.25,1021.53
2018,12,TPA,14851,12,228.33,4.08,12828.75,14797.67,17.22,12.82,1017.66
2019,1,ATL,68530,7,223.33,2.89,18880.2,16026.57,3.33,-2.71,1024.59
2019,1,AUS,10202,7,283.33,1.97,12498.5,14112.29,8.99,3.41,1021.27
2019,1,CLT,42988,2,145.0,3.6,11259.0,16093.0,8.6,-3.65,1021.1
2019,1,CVG,7923,5,248.0,2.78,802.33,13481.0,-0.32,-2.78,1019.53
2019,1,DAL,12364,1,300.0,1.5,22000.0,12875.0,0.6,-1.1,1022.2
2019,1,DEN,45757,3,175.0,1.73,12524.0,16031.0,-5.37,-11.63,1014.53
2019,1,DFW,52082,11,231.82,4.86,6313.17,14299.36,4.05,1.01,1018.72
2019,1,DTW,28841,1,340.0,1.5,22000.0,14484.0,-8.3,-11.7,1028.5
2019,1,FLL,24486,5,340.0,1.56,9738.8,16093.0,17.62,15.48,1020.6
2019,1,IAH,36754,5,166.0,5.02,12905.0,16074.4,8.2,-1.22,1023.72
2019,1,JFK,34756,9,105.56,4.12,11109.29,15152.44,-0.42,-6.41,1024.66
2019,1,LAX,51178,17,120.0,2.72,11622.88,13669.53,12.76,5.1,1019.71
2019,1,MCI,8892,2,260.0,5.7,,15000.0,-0.55,-4.75,1021.9
2019,1,MCO,28140,24,192.73,3.99,14028.62,16065.88,13.89,9.37,1022.64
2019,1,MEM,4386,2,20.0,2.05,411.5,10058.0,10.55,8.65,1024.1
2019,1,ORD,62442,3,276.67,2.73,559.0,12874.33,-6.1,-8.33,1031.25
2019,1,RSW,7940,4,155.0,1.27,22000.0,16093.0,16.52,11.68,1018.18
2019,1,SDF,4122,4,255.0,6.05,14810.0,15546.5,7.5,-0.27,1018.38
2019,1,SEA,33017,5,60.0,1.96,22000.0,12833.6,4.5,1.26,1008.23
2019,1,SLC,20475,8,265.0,2.2,6200.75,11846.62,-2.36,-4.65,1024.6
2019,1,TPA,14508,9,81.25,3.32,13163.71,16051.67,12.47,7.53,1023.67
2019,2,ATL,62227,10,163.0,4.13,4718.17,10008.7,7.94,1.82,1024.61
2019,2,AUS,9566,7,217.5,1.67,7099.25,7912.57,15.09,10.86,1017.0
2019,2,CLT,39228,6,193.33,3.72,2682.5,14096.17,11.3,4.98,1020.62
2019,2,CVG,7364,6,78.33,3.95,13591.0,13900.83,1.58,-5.02,1023.27
2019,2,DAL,10823,2,120.0,3.1,7620.0,16093.0,6.95,0.25,1021.15
2019,2,DEN,41242,9,183.75,3.31,10969.57,11994.89,-5.57,-11.16,1013.92
2019,2,DFW,47192,15,152.67,5.03,8610.86,12431.33,7.89,0.67,1017.95
2019,2,DTW,26404,0,,,,,,,
2019,2,FLL,22707,7,140.0,3.8,14043.14,16093.0,22.37,19.84,1019.29
2019,2,IAH,33364,8,220.0,4.44,4388.14,11363.5,16.73,11.31,1015.44
2019,2,JFK,31320,7,251.43,4.36,8887.67,13900.0,-1.54,-7.81,1026.4
2019,2,LAX,45736,9,190.0,3.54,10299.29,15714.78,11.61,6.92,1016.08
2019,2,MCI,8017,1,120.0,4.6,22000.0,16093.0,-10.0,-13.9,1042.0
2019,2,MCO,25796,16,111.54,2.46,13580.08,14747.69,19.73,17.29,1020.41
2019,2,MEM,4066,4,270.0,3.48,13286.0,16069.75,7.5,0.95,1019.52
2019,2,ORD,60476,2,295.0,5.1,22000.0,15242.0,-3.6,-6.95,1020.1
2019,2,RSW,7656,8,88.57,3.36,13830.0,12522.38,19.76,17.35,1021.32
2019,2,SDF,3713,4,163.33,3.22,16597.0,16046.5,7.5,-1.98,1020.48
2019,2,SEA,28268,2,360.0,1.55,488.0,16046.5,3.85,0.25,1011.25
2019,2,SLC,18460,4,175.0,4.0,8268.0,15069.75,3.62,-1.52,1003.95
2019,2,TPA,13367,6,154.0,2.23,17185.75,13713.17,18.62,15.58,1020.56
2019,3,ATL,75035,21,238.95,3.64,5023.5,14170.76,12.49,4.53,1020.21
2019,3,AUS,11417,18,232.31,3.6,7041.69,12200.33,16.66,8.62,1017.66
2019,3,CLT,45202,5,145.0,2.8,12935.5,13400.4,10.44,3.78,1021.22
2019,3,CVG,9096,4,220.0,3.1,2134.0,14414.0,4.85,1.4,1018.88
2019,3,DAL,12206,8,104.29,5.72,6764.88,14081.5,12.14,6.82,1013.78
2019,3,DEN,47221,10,211.11,4.06,15830.0,14684.2,-2.04,-5.88,1019.31
2019,3,DFW,54487,22,154.5,4.75,13255.57,14761.55,11.09,4.48,1021.57
2019,3,DTW,32660,8,170.0,3.94,12097.25,12501.75,1.69,-3.69,1022.49
2019,3,FLL,26560,5,234.0,4.22,9525.4,16093.0,19.34,13.78,1019.0
2019,3,IAH,39167,11,188.0,3.09,8912.18,14483.73,16.27,8.03,1025.11
2019,3,JFK,36702,11,219.0,5.44,16715.71,15306.55,4.95,-1.81,1025.14
2019,3,LAX,52928,5,216.67,2.9,8014.5,15752.6,15.22,8.44,1016.44
2019,3,MCI,9608,11,264.55,4.07,10076.67,14107.82,4.52,0.2,1024.36
2019,3,MCO,31089,21,254.0,3.2,16519.53,16075.29,16.63,8.63,1022.65
2019,3,MEM,4856,16,176.88,3.9,14248.85,14153.0,13.3,6.12,1019.29
2019,3,ORD,72741,11,204.0,3.42,18012.0,15113.36,1.94,-2.03,1024.51
2019,3,RSW,9933,6,171.67,2.77,18358.67,16093.0,18.33,15.73,1018.76
2019,3,SDF,4483,11,133.33,2.67,11393.25,15722.64,6.02,-3.28,1024.45
2019,3,SEA,33848,1,210.0,7.7,2438.0,16093.0,12.8,6.7,1013.7
2019,3,SLC,21795,9,198.33,1.82,8679.67,15819.11,3.17,-1.97,1018.49
2019,3,TPA,16687,14,116.36,2.51,17442.1,15053.14,20.84,13.45,1021.04
2019,4,ATL,72487,20,174.67,3.06,19425.5,14651.15,20.42,11.08,1016.94
2019,4,AUS,11220,20,139.41,3.98,10837.89,14752.6,21.14,15.1,1013.27
2019,4,CLT,43600,30,165.0,4.46,12047.67,14718.77,14.24,8.17,1014.52
2019,4,CVG,8882,7,257.5,2.44,2783.67,15365.43,13.41,6.99,1011.57
2019,4,DAL,11502,20,155.38,3.12,12304.55,14544.1,16.58,10.72,1014.38
2019,4,DEN,47005,17,172.94,3.91,19013.86,14374.82,3.86,-4.03,1013.62
2019,4,DFW,52197,39,183.43,4.35,13538.33,15619.56,17.19,12.08,1011.49
2019,4,DTW,31737,14,158.33,4.04,7843.25,13097.07,9.76,3.85,1016.08
2019,4,FLL,24464,9,196.67,3.48,19633.44,16093.0,23.48,17.34,1017.06
2019,4,IAH,36461,21,132.5,4.78,5825.17,14990.48,23.46,18.56,1013.92
2019,4,JFK,35841,9,140.0,4.88,7679.25,11982.0,10.18,6.73,1015.43
2019,4,LAX,51383,20,233.75,4.76,12246.05,14317.05,17.16,10.3,1014.75
2019,4,MCI,9231,7,190.0,6.94,10279.67,15147.0,17.51,6.19,1007.9
2019,4,MCO,29245,21,188.82,3.78,13626.53,15137.33,21.81,15.5,1017.25
2019,4,MEM,4696,15,181.43,3.61,11420.46,14255.8,19.45,12.18,1015.06
2019,4,ORD,71184,9,165.56,4.87,12021.0,13479.11,5.54,1.28,1012.66
2019,4,RSW,7849,12,114.55,3.82,22000.0,16093.0,23.22,17.68,1018.58
2019,4,SDF,4643,13,191.67,3.13,7614.57,15431.15,15.42,7.74,1015.36
2019,4,SEA,33559,12,228.33,3.74,12566.0,15220.92,11.1,4.77,1020.54
2019,4,SLC,20346,9,128.57,3.09,12828.83,16051.67,10.49,3.93,1010.55
2019,4,TEB,7,6,270.0,5.25,14875.0,14215.5,13.87,5.28,1014.85
2019,4,TPA,15351,2,225.0,5.95,13438.5,16093.0,25.0,20.8,1008.2
2019,5,ATL,75893,21,203.85,2.14,16379.32,15414.86,21.66,16.25,1015.97
2019,5,AUS,12000,11,116.67,3.78,7877.1,12968.27,23.73,18.59,1011.04
2019,5,CLT,45458,10,204.44,3.09,16150.25,14609.0,22.32,16.14,1017.23
2019,5,CVG,9504,18,211.25,2.67,9116.23,14000.56,16.69,13.77,1015.41
2019,5,DAL,11713,15,178.18,4.36,10933.13,14349.67,24.35,17.64,1011.72
2019,5,DEN,51010,64,195.42,4.06,12785.15,13282.28,8.07,2.46,1009.21
2019,5,DFW,57674,40,195.13,4.63,17731.92,13449.78,19.94,16.6,1011.32
2019,5,DTW,32788,26,136.32,2.92,8996.61,13650.69,12.23,7.03,1016.81
2019,5,FLL,23460,8,117.14,4.95,17605.0,16093.0,26.92,21.89,1015.08
2019,5,IAH,37416,26,147.5,5.48,5766.22,14716.96,25.62,22.72,1013.29
2019,5,JFK,36834,31,170.32,5.22,11808.11,13580.19,14.79,11.24,1016.7
2019,5,LAX,52596,14,258.0,4.71,13597.92,14933.57,17.63,11.96,1012.72
2019,5,MCI,9614,26,166.8,2.85,9141.37,13441.88,17.19,12.98,1012.13
2019,5,MCO,28113,7,90.0,5.51,16193.14,16079.71,27.54,18.74,1017.63
2019,5,MEM,5210,26,190.38,3.51,16488.04,16067.96,23.73,17.75,1013.77
2019,5,ORD,75921,39,186.94,4.35,8266.32,14639.36,12.52,8.46,1012.93
2019,5,RSW,5055,8,105.0,3.55,19341.5,16093.0,25.69,20.71,1016.32
2019,5,SDF,4896,30,182.5,3.72,5965.0,16089.9,22.31,13.88,1014.14
2019,5,SEA,36324,19,217.78,3.74,9197.65,15998.53,15.41,6.62,1015.42
2019,5,SLC,20976,18,143.33,3.63,12912.58,15773.89,12.36,4.77,1008.5
2019,5,TPA,14007,6,172.0,3.43,10219.0,15379.83,25.65,20.93,1016.13
2019,6,ATL,75480,25,200.91,3.54,9725.29,15531.96,24.82,18.34,1017.12
2019,6,AUS,12132,12,147.78,3.34,8393.14,15470.92,25.45,21.62,1013.1
2019,6,CLT,44369,24,223.16,2.73,13993.0,12670.62,24.2,19.06,1015.54
2019,6,CVG,9496,24,207.14,2.71,11216.71,14742.25,21.02,17.5,1015.2
2019,6,DAL,11911,24,169.09,3.87,8686.38,15355.46,25.02,19.14,1012.95
2019,6,DEN,53088,64,194.76,4.08,15310.98,15827.03,15.05,7.29,1011.28
2019,6,DFW,58398,37,155.43,4.74,12800.94,16085.46,23.56,18.29,1013.46
2019,6,DTW,32702,21,111.18,2.51,9038.61,12236.1,18.39,13.4,1014.16
2019,6,FLL,22162,8,162.86,4.04,12474.5,16093.0,28.62,23.4,1016.04
2019,6,IAH,37223,15,85.0,1.33,13344.71,13308.67,25.47,23.22,1015.92
2019,6,JFK,36770,23,220.0,4.68,14628.14,15110.04,21.14,14.7,1013.88
2019,6,LAX,53969,7,204.29,2.06,1265.17,13035.43,17.94,14.27,1013.39
2019,6,MCI,9636,21,199.0,3.7,6936.33,16069.75,21.22,18.1,1010.84
2019,6,MCO,27445,18,163.12,3.63,16483.29,15829.44,28.93,22.61,1017.81
2019,6,MEM,5077,13,177.5,2.57,12105.91,15583.54,22.82,17.88,1015.06
2019,6,ORD,76786,32,158.62,3.31,9704.7,14972.12,19.05,12.67,1014.03
2019,6,RSW,4105,11,141.43,1.83,22000.0,16093.0,26.92,23.03,1016.7
2019,6,SDF,4889,15,174.55,2.51,11192.14,15669.47,21.43,15.91,1015.64
2019,6,SEA,38078,7,185.71,4.33,8578.0,16079.71,14.29,9.21,1018.6
2019,6,SLC,21496,25,164.0,3.32,13125.95,16063.24,17.73,6.68,1013.62
2019,6,TPA,13411,19,194.0,2.5,13795.67,16073.26,27.68,23.21,1015.54
2019,7,ATL,77815,25,196.36,2.88,16982.92,16089.28,25.7,19.68,1017.55
2019,7,AUS,12547,19,147.33,3.16,19370.0,15963.26,28.41,21.51,1014.31
2019,7,CLT,45300,24,237.5,2.7,14949.53,15856.96,26.61,20.65,1016.39
2019,7,CVG,9494,34,252.08,2.57,15256.42,13924.38,23.63,18.71,1015.17
2019,7,DAL,12532,22,151.82,3.69,17884.23,16093.0,28.23,21.04,1013.96
2019,7,DEN,56342,80,198.53,4.79,16874.67,15997.36,20.37,10.53,1011.26
2019,7,DFW,61339,56,152.55,3.51,16397.27,16081.38,24.9,19.14,1014.94
2019,7,DTW,33605,57,186.12,2.44,10916.25,13914.35,21.89,16.45,1016.07
2019,7,FLL,22672,6,146.67,3.83,17206.67,16093.0,28.87,24.13,1018.13
2019,7,IAH,38862,15,200.77,2.31,15184.0,16074.4,27.18,23.8,1014.04
2019,7,JFK,37973,35,247.65,3.82,17965.35,15793.23,24.39,20.33,1015.02
2019,7,LAX,56506,5,212.5,3.5,5588.8,11265.2,20.3,16.32,1013.67
2019,7,MCI,9884,12,218.0,2.62,17655.67,15951.17,21.38,18.25,1016.67
2019,7,MCO,28882,25,179.05,2.4,16705.65,15579.72,26.26,22.61,1017.11
2019,7,MEM,5067,19,163.33,1.89,17680.94,15908.95,24.8,21.89,1016.38
2019,7,ORD,78235,51,188.3,3.24,17087.78,15898.22,21.12,16.18,1016.2
2019,7,RSW,3898,8,115.71,2.52,19330.0,16093.0,25.84,23.32,1017.43
2019,7,SDF,5001,28,180.91,2.31,19533.36,16023.25,23.37,18.56,1017.07
2019,7,SEA,40305,29,177.41,2.83,14398.92,16008.66,18.01,11.47,1017.67
2019,7,SLC,22456,11,203.75,2.39,17015.4,16076.09,26.0,10.05,1011.88
2019,7,TPA,13876,14,215.0,2.61,16757.08,16086.36,28.15,23.29,1017.31
2019,8,ATL,78055,26,193.04,2.6,13825.5,15652.62,26.98,20.58,1014.83
2019,8,AUS,12229,24,157.5,2.62,16371.76,15785.25,28.41,22.38,1011.94
2019,8,CLT,45474,30,145.0,2.1,15742.19,14404.77,24.19,18.69,1015.55
2019,8,CVG,9483,28,166.92,2.94,15325.04,14848.21,21.8,17.26,1014.28
2019,8,DAL,12410,9,162.5,3.54,16918.78,16093.0,28.69,22.54,1011.98
2019,8,DEN,55605,53,207.5,4.76,14952.76,15618.87,20.15,9.19,1010.87
2019,8,DFW,62125,49,150.0,3.54,15347.94,15988.78,29.28,21.34,1012.42
2019,8,DTW,34448,43,206.49,2.51,11819.0,14182.19,21.36,15.27,1015.19
2019,8,FLL,22035,13,225.45,2.14,14663.77,16093.0,28.6,24.22,1015.22
2019,8,IAH,38224,21,157.06,1.89,13558.67,15009.05,29.65,23.29,1014.82
2019,8,JFK,38392,27,164.4,3.62,13642.19,15549.7,23.38,18.92,1015.92
2019,8,LAX,56406,16,246.67,4.61,17947.44,14810.62,21.91,16.61,1012.51
2019,8,MCI,9851,27,161.85,3.56,10301.08,15668.89,23.5,19.34,1015.32
2019,8,MCO,27216,31,178.0,2.6,17641.93,15354.97,27.14,23.45,1015.88
2019,8,MEM,4997,24,202.67,2.12,15391.24,16073.62,26.52,21.93,1015.23
2019,8,ORD,78960,60,228.78,2.47,13820.21,15270.75,20.14,15.56,1014.92
2019,8,RSW,3663,27,134.17,1.47,17511.93,15735.41,27.78,24.61,1015.5
2019,8,SDF,4941,21,197.65,2.28,18617.94,15572.52,23.54,17.48,1015.11
2019,8,SEA,40966,12,194.17,3.17,13459.0,15100.0,16.36,12.73,1016.39
2019,8,SLC,22627,24,193.81,3.2,21235.55,16077.5,24.36,4.89,1011.58
2019,8,TPA,12959,10,162.0,3.19,7536.5,15288.4,28.29,24.1,1015.91
2019,9,ATL,69722,22,147.14,3.35,21024.95,16015.64,27.87,16.81,1018.08
2019,9,AUS,11496,13,130.0,2.8,18681.08,16093.0,29.23,20.47,1013.37
2019,9,CLT,43902,25,100.53,2.34,16693.44,15059.4,26.38,17.34,1018.36
2019,9,CVG,8656,28,163.75,2.8,17180.31,15821.93,20.42,14.35,1017.42
2019,9,DAL,12066,11,144.55,3.93,22000.0,16093.0,29.05,19.43,1013.64
2019,9,DEN,52261,68,205.47,4.72,17031.75,16083.28,17.23,3.8,1009.91
2019,9,DFW,57569,40,150.83,3.76,19009.53,16090.68,27.46,19.61,1013.48
2019,9,DTW,31403,31,212.0,3.56,4710.07,14064.06,19.3,14.77,1016.38
2019,9,FLL,18038,15,159.33,4.17,12244.27,16093.0,29.08,23.41,1012.59
2019,9,IAH,34700,10,125.0,0.62,16924.0,16065.1,24.64,22.39,1015.6
2019,9,JFK,34688,30,159.33,4.37,13202.9,15925.87,19.87,14.52,1020.28
2019,9,LAX,50343,13,222.5,4.35,22000.0,16093.0,23.67,16.68,1011.34
2019,9,MCI,9284,18,155.0,4.5,13511.65,15819.67,23.26,19.13,1015.46
2019,9,MCO,22090,35,183.12,3.53,19016.19,15828.57,25.66,21.93,1014.92
2019,9,MEM,4646,33,182.38,1.73,21008.28,16073.27,26.45,20.25,1016.42
2019,9,ORD,74388,54,194.72,4.22,9041.6,14906.65,18.42,14.49,1016.67
2019,9,RSW,3439,31,154.62,3.03,20013.55,16093.0,27.8,23.19,1014.69
2019,9,SDF,4661,26,241.58,2.8,19699.2,16075.12,23.82,13.7,1016.94
2019,9,SEA,35842,25,158.75,3.34,9009.67,14426.0,15.12,11.07,1015.89
2019,9,SLC,20451,31,202.59,3.83,15600.17,16063.0,17.44,4.61,1010.54
2019,9,TPA,11428,6,162.5,2.48,22000.0,16093.0,27.97,22.68,1015.35
2019,10,ATL,73479,52,243.14,3.82,14170.74,15736.13,21.96,13.06,1015.74
2019,10,AUS,12325,24,225.88,3.41,11448.71,15003.33,21.6,16.27,1013.74
2019,10,CLT,46340,38,183.5,2.38,17074.89,14824.87,22.1,12.03,1016.5
2019,10,CVG,9211,13,185.38,3.6,14251.23,15845.46,14.65,5.04,1018.55
2019,10,DAL,12569,13,130.83,4.12,13878.92,15597.85,17.7,9.62,1016.91
2019,10,DEN,53091,55,189.63,4.57,15183.3,13825.27,4.12,-4.53,1014.73
2019,10,DFW,58261,77,194.52,5.06,13415.85,15016.88,16.19,9.47,1015.38
2019,10,DTW,32764,12,219.09,3.87,3319.55,14811.25,12.32,6.85,1017.87
2019,10,FLL,20719,18,116.47,4.62,10834.39,16093.0,27.01,22.87,1014.33
2019,10,IAH,37924,4,150.0,5.28,13362.25,16093.0,22.1,14.18,1013.97
2019,10,JFK,34961,29,174.64,5.45,13321.46,15694.93,15.07,9.72,1020.14
2019,10,LAX,51694,35,146.84,2.52,17610.45,15605.33,19.45,7.51,1012.28
2019,10,MCI,9654,21,245.24,4.24,11599.25,16084.14,11.25,5.58,1015.88
2019,10,MCO,26367,20,158.42,3.61,16117.88,15951.15,25.96,20.38,1014.79
2019,10,MEM,4978,42,162.97,3.77,15269.37,14674.83,15.99,9.93,1018.61
2019,10,ORD,78666,36,225.16,3.97,10184.53,16037.97,10.49,5.83,1015.89
2019,10,RSW,4419,12,112.0,2.42,16835.25,15556.58,25.61,22.82,1013.6
2019,10,SDF,5127,30,196.92,3.17,14221.26,15168.7,17.18,9.1,1018.99
2019,10,SEA,36224,13,131.67,2.46,12179.5,13898.08,8.42,3.55,1020.42
2019,10,SLC,20983,24,246.11,3.31,16530.0,15880.21,6.27,-5.26,1023.18
2019,10,TPA,13007,16,80.0,2.16,16199.08,16075.56,25.89,21.49,1015.76
2019,11,ATL,68191,14,223.08,3.21,6760.71,15173.43,11.59,4.57,1018.22
2019,11,AUS,11288,7,236.0,2.81,7783.43,15403.43,14.99,12.7,1017.18
2019,11,CLT,44260,21,221.33,3.02,16798.22,15922.05,8.03,-0.81,1020.26
2019,11,CVG,8484,11,206.36,3.01,14272.18,15654.09,3.69,-1.53,1022.28
2019,11,DAL,12118,7,264.0,3.23,7683.43,12759.43,12.49,7.6,1018.15
2019,11,DEN,47928,15,217.33,3.91,14108.57,13511.93,0.23,-5.87,1015.72
2019,11,DFW,55984,47,217.39,4.36,11967.21,14354.0,8.91,3.6,1022.91
2019,11,DTW,30100,3,293.33,3.8,7953.0,16093.0,2.23,-2.6,1022.0
2019,11,FLL,23079,12,210.0,2.35,13199.67,16093.0,21.99,17.51,1015.12
2019,11,IAH,37164,9,204.29,1.77,7797.38,11825.56,11.26,9.29,1021.24
2019,11,JFK,32668,21,262.22,5.46,13976.71,16093.0,4.7,-3.2,1022.65
2019,11,LAX,48888,20,135.0,2.19,16007.16,12726.26,16.67,8.16,1014.51
2019,11,MCI,8699,10,238.0,2.84,18161.0,16083.7,3.71,-2.84,1020.06
2019,11,MCO,27668,7,355.0,0.96,18638.17,15325.57,17.61,14.23,1018.16
2019,11,MEM,4736,21,61.88,3.03,16173.89,15466.67,4.8,-1.07,1027.05
2019,11,ORD,71343,11,238.75,3.17,14164.09,14255.82,0.95,-3.79,1020.44
2019,11,RSW,6695,8,55.0,3.49,9316.75,16093.0,23.32,17.86,1016.99
2019,11,SDF,4706,5,126.0,2.18,15327.0,15412.2,5.54,-1.2,1016.02
2019,11,SEA,33685,6,172.0,3.25,4881.4,12601.67,9.82,6.6,1023.72
2019,11,SLC,19045,13,173.33,2.54,15288.45,16071.54,4.38,-3.5,1022.58
2019,11,TPA,14178,21,148.24,2.94,13973.0,16084.14,20.9,15.32,1017.27
2019,12,ATL,71013,7,217.14,6.19,14051.86,15403.29,8.43,-0.86,1018.94
2019,12,AUS,11516,2,335.0,4.15,22000.0,16093.0,10.0,-1.1,1019.2
2019,12,CLT,45021,4,136.67,2.95,16576.25,13679.0,7.22,-0.12,1021.0
2019,12,CVG,8362,9,155.71,2.91,14334.86,13668.22,3.29,-1.06,1021.36
2019,12,DAL,12717,1,,0.0,22000.0,9656.0,2.2,0.6,1021.0
2019,12,DEN,50703,8,232.86,2.72,20088.25,14472.12,-2.3,-8.49,1015.48
2019,12,DFW,57386,14,304.62,5.47,14922.79,16093.0,10.74,3.02,1018.72
2019,12,DTW,31008,4,250.0,5.52,1585.0,12070.0,0.85,-3.5,1012.38
2019,12,FLL,25078,7,243.33,3.74,15871.14,16093.0,20.56,17.94,1014.43
2019,12,IAH,38563,0,,,,,,,
2019,12,JFK,34898,12,170.0,4.97,7194.91,13503.75,2.76,-0.67,1023.14
2019,12,LAX,52698,13,113.33,2.06,11392.31,15343.08,14.43,5.88,1019.22
2019,12,MCI,8777,1,200.0,3.1,,16000.0,0.0,-2.8,1027.4
2019,12,MCO,30049,16,217.33,3.64,20335.85,15202.31,18.37,13.92,1020.28
2019,12,MEM,4813,9,186.0,1.67,11576.12,14838.22,4.84,-0.04,1021.29
2019,12,ORD,73413,8,195.71,4.06,9461.5,14131.62,2.86,0.06,1014.98
2019,12,RSW,8157,11,197.14,2.06,16329.82,14703.18,18.15,15.55,1015.83
2019,12,SDF,4738,2,180.0,2.55,14810.0,16046.5,9.2,4.2,1020.5
2019,12,SEA,35419,8,245.71,2.2,3698.62,9706.25,7.22,5.12,1018.73
2019,12,SLC,21003,15,182.5,1.75,10244.55,15505.73,-0.37,-4.29,1021.78
2019,12,TPA,15856,6,128.0,3.53,9184.0,11301.17,17.22,13.43,1020.58
2020,1,ATL,70742,9,185.56,3.33,16736.25,15348.33,10.06,4.31,1024.6
2020,1,AUS,10937,3,165.0,3.8,655.0,11502.33,14.03,9.0,1021.9
2020,1,CLT,45991,1,40.0,6.7,,16000.0,6.1,-8.9,1032.4
2020,1,CVG,8151,6,245.0,4.88,7912.67,14437.33,-4.25,-9.9,1029.02
2020,1,DAL,12292,2,215.0,3.35,15572.0,16093.0,8.05,0.85,1019.5
2020,1,DEN,48556,10,247.0,5.14,14967.9,15932.1,0.39,-9.73,1018.22
2020,1,DFW,54198,8,201.67,3.39,3399.86,8437.12,7.59,6.14,1017.38
2020,1,DTW,29900,2,310.0,1.05,853.0,15288.5,-3.3,-7.8,1036.1
2020,1,FLL,24878,3,220.0,5.17,14961.33,16093.0,21.5,18.17,1019.77
2020,1,IAH,37386,2,85.0,6.95,11305.0,16093.0,18.05,7.2,1022.45
2020,1,JFK,34157,5,192.0,4.32,14846.0,16093.0,-0.52,-4.44,1029.22
2020,1,LAX,50253,6,112.5,2.4,16546.33,15556.67,14.73,5.55,1019.43
2020,1,MCI,8361,2,280.0,5.65,22000.0,16093.0,-1.95,-6.95,1023.55
2020,1,MCO,29496,15,221.54,2.85,15241.0,13253.33,16.18,11.3,1022.25
2020,1,MEM,4566,3,140.0,2.57,7607.67,13411.0,4.83,1.87,1025.3
2020,1,ORD,67976,3,253.33,6.7,14768.33,16093.0,-0.57,-5.93,1011.87
2020,1,RSW,8512,4,160.0,3.47,16804.75,16093.0,17.38,10.58,1022.7
2020,1,SDF,4365,3,186.67,4.47,1341.0,16031.0,3.17,-4.07,1018.6
2020,1,SEA,33619,6,185.0,6.77,1712.8,13931.83,7.0,4.2,1011.38
2020,1,SLC,21193,13,163.33,2.62,7077.42,12396.85,1.02,-1.57,1019.54
2020,1,TPA,14848,8,175.71,4.86,17825.6,16058.12,16.74,9.04,1021.93
2020,2,ATL,65795,9,222.22,3.31,4340.14,8794.11,10.74,7.84,1015.63
2020,2,AUS,10272,1,,0.0,22000.0,16093.0,5.0,1.1,1019.3
2020,2,CLT,42340,5,194.0,3.4,13971.75,14674.4,6.68,-0.66,1021.66
2020,2,CVG,7828,8,205.0,4.76,10171.4,13433.12,1.18,-3.62,1022.74
2020,2,DAL,11602,0,,,,,,,
2020,2,DEN,45574,5,218.0,3.7,17566.75,16074.4,-2.78,-10.54,1016.74
2020,2,DFW,51636,7,214.29,5.96,9885.71,12529.57,8.89,5.46,1015.68
2020,2,DTW,28061,2,245.0,4.1,22000.0,15288.5,3.9,0.0,1008.95
2020,2,FLL,23504,6,225.0,4.55,12168.33,16093.0,21.08,18.03,1018.08
2020,2,IAH,35477,7,183.33,3.59,7570.29,13104.29,14.91,11.01,1020.4
2020,2,JFK,31544,7,172.86,5.53,9380.5,13790.0,5.79,0.47,1020.76
2020,2,LAX,45880,10,82.5,1.95,15957.0,14494.5,14.26,3.39,1018.67
2020,2,MCI,8059,3,350.0,3.77,16698.67,13916.33,-1.13,-6.1,1025.43
2020,2,MCO,28368,19,200.0,3.73,17654.5,15219.58,14.78,10.91,1021.41
2020,2,MEM,4158,7,225.0,2.57,10055.57,14138.86,6.3,2.87,1015.28
2020,2,ORD,65149,4,220.0,3.62,10605.5,14886.0,-2.25,-7.35,1018.98
2020,2,RSW,8756,4,80.0,1.68,12295.5,16093.0,20.25,16.4,1018.75
2020,2,SDF,4061,1,80.0,2.1,,16000.0,6.1,-1.7,1020.0
2020,2,SEA,31512,2,160.0,2.6,11106.5,16093.0,6.95,4.7,1029.7
2020,2,SLC,19714,8,211.67,2.7,15662.33,15655.88,2.44,-5.48,1019.84
2020,2,TPA,14398,8,230.0,5.68,10643.29,16069.75,18.69,14.25,1017.46
2020,3,ATL,59339,20,168.95,3.04,6999.5,11381.2,15.8,10.67,1021.14
2020,3,AUS,10018,5,208.0,5.66,7923.25,14108.8,23.0,16.34,1015.64
2020,3,CLT,39044,5,182.5,2.08,4176.0,16093.0,16.34,6.22,1016.9
2020,3,CVG,7757,2,225.0,6.7,22000.0,16093.0,3.9,-1.9,1012.8
2020,3,DAL,10847,13,129.09,3.83,9423.23,13617.23,18.49,12.48,1016.72
2020,3,DEN,42828,13,257.5,3.59,10042.46,13427.92,1.57,-4.28,1010.71
2020,3,DFW,48308,19,175.88,4.68,4896.89,12768.58,15.95,13.12,1017.12
2020,3,DTW,27651,7,152.86,6.01,6539.14,15403.43,9.46,-1.43,1024.9
2020,3,FLL,21236,1,100.0,2.1,22000.0,16093.0,21.7,16.7,1018.0
2020,3,IAH,31627,4,103.33,3.77,1757.67,15020.33,17.4,12.4,1020.85
2020,3,JFK,26583,8,217.5,5.41,9511.12,12120.0,7.31,2.58,1022.52
2020,3,LAX,41781,14,245.0,2.71,9635.86,15748.14,15.71,6.09,1015.83
2020,3,MCI,7872,3,150.0,3.93,14900.33,16093.0,9.43,-2.23,1024.63
2020,3,MCO,26309,11,141.43,2.82,18786.0,15488.36,20.6,15.8,1020.32
2020,3,MEM,4000,9,136.67,3.39,7659.0,14841.33,11.97,7.71,1019.61
2020,3,ORD,61724,9,174.44,5.37,5103.11,15199.0,8.1,2.63,1016.7
2020,3,RSW,9185,8,106.67,3.6,19497.62,16093.0,21.54,15.84,1021.4
2020,3,SDF,3951,4,287.5,3.1,8166.67,13046.5,6.8,3.75,1014.95
2020,3,SEA,29150,10,207.0,3.76,13449.75,15074.4,6.49,2.5,1017.03
2020,3,SLC,18722,10,207.0,4.05,5577.11,16083.7,6.5,-0.06,1012.38
2020,3,TPA,14541,5,194.0,2.98,15150.8,16093.0,22.88,15.44,1022.04
2020,4,ATL,18421,6,293.33,6.0,9360.17,15556.67,12.77,7.48,1014.72
2020,4,AUS,3277,8,140.0,4.18,11979.12,14282.62,18.7,12.61,1014.56
2020,4,CLT,17211,12,173.0,3.31,13679.18,15138.75,13.55,5.64,1015.88
2020,4,CVG,1995,8,257.5,5.0,9610.12,14282.62,6.74,0.55,1016.11
2020,4,DAL,4628,13,161.54,4.34,6683.0,15597.85,18.64,11.8,1012.6
2020,4,DEN,16497,6,236.67,4.98,16124.67,16093.0,6.2,-2.33,1014.63
2020,4,DFW,20906,20,161.76,4.48,10141.4,15489.5,18.16,13.11,1011.48
2020,4,DTW,10158,5,188.0,3.72,2804.2,16093.0,5.98,1.68,1008.78
2020,4,FLL,4707,2,85.0,4.4,11914.5,16093.0,26.4,18.65,1016.75
2020,4,IAH,8114,2,165.0,3.85,22000.0,16046.5,22.75,20.0,1008.4
2020,4,JFK,3706,4,265.0,9.02,17033.5,15288.5,8.62,3.62,1012.75
2020,4,LAX,11303,6,227.5,3.02,18485.67,15556.67,19.25,12.3,1017.14
2020,4,MCI,2837,2,240.0,4.1,12067.0,16093.0,13.9,5.0,1012.3
2020,4,MCO,7265,0,,,,,,,
2020,4,MEM,1302,24,197.39,3.76,12492.35,15619.79,15.28,9.28,1015.2
2020,4,ORD,20520,10,102.5,3.3,4632.4,14765.3,7.16,-0.01,1019.05
2020,4,RSW,2427,2,275.0,3.3,22000.0,16093.0,26.35,22.5,1013.35
2020,4,SDF,1389,3,300.0,2.57,9538.0,16093.0,9.47,6.67,1016.15
2020,4,SEA,10273,6,173.33,3.78,6180.0,13931.83,9.23,5.68,1022.1
2020,4,SLC,8152,0,,,,,,,
2020,4,TPA,4303,0,,,,,,,
2020,5,ATL,16757,8,216.25,4.25,16302.75,16093.0,18.26,9.02,1016.9
2020,5,AUS,2741,5,163.33,2.46,16881.0,15752.6,20.78,17.0,1013.85
2020,5,CLT,18369,10,163.33,2.16,9775.11,15600.9,18.44,11.95,1020.89
2020,5,CVG,1761,12,129.09,4.58,6809.27,14281.42,12.79,9.45,1016.01
2020,5,DAL,4723,7,167.14,3.81,16998.86,16093.0,23.17,16.17,1012.71
2020,5,DEN,17418,33,176.56,4.31,16657.38,15797.58,12.29,5.48,1013.03
2020,5,DFW,24155,15,119.17,4.43,11277.0,14482.13,20.81,14.07,1015.52
2020,5,DTW,7777,9,157.78,3.49,3352.89,14483.88,12.64,6.29,1018.46
2020,5,FLL,3512,1,,1.5,22000.0,16093.0,20.0,17.8,1015.5
2020,5,IAH,8215,4,196.67,2.98,6247.0,16093.0,22.55,18.77,1011.7
2020,5,JFK,2620,8,171.25,5.34,5462.88,14131.62,12.49,4.86,1014.68
2020,5,LAX,9639,4,195.0,4.9,16995.25,14483.75,18.05,11.68,1015.85
2020,5,MCI,2737,10,127.0,4.32,3094.56,14957.2,17.45,13.16,1014.34
2020,5,MCO,6102,1,70.0,2.6,22000.0,16093.0,20.6,17.2,1017.9
2020,5,MEM,1202,54,167.38,3.36,11917.86,16082.67,19.83,13.64,1014.99
2020,5,ORD,17953,9,184.44,4.52,3285.11,15556.56,14.92,9.57,1015.78
2020,5,RSW,1818,2,185.0,2.8,22000.0,16093.0,25.0,18.05,1017.05
2020,5,SDF,1310,16,131.67,2.38,2363.38,15059.06,15.55,12.36,1016.79
2020,5,SEA,10676,6,256.67,1.55,15120.4,16062.0,13.97,6.67,1015.18
2020,5,SLC,6940,6,200.0,4.45,15211.6,16077.5,18.5,1.3,1010.35
2020,5,TPA,3369,3,360.0,1.53,22000.0,16093.0,23.9,18.9,1016.17
2020,6,ATL,22243,12,220.91,3.36,5787.5,13008.58,24.17,20.56,1015.24
2020,6,AUS,3728,6,123.33,2.93,13523.0,16077.5,23.62,18.15,1015.28
2020,6,CLT,19878,7,250.0,2.44,19124.0,16066.43,25.47,18.1,1015.0
2020,6,CVG,2536,15,161.54,2.77,12934.33,14591.13,17.65,13.64,1018.03
2020,6,DAL,6882,24,156.67,4.28,15574.71,16093.0,27.52,16.78,1013.17
2020,6,DEN,22356,90,193.57,4.6,18330.49,16084.55,17.56,6.16,1010.03
2020,6,DFW,26951,25,150.43,4.6,11944.08,15316.84,27.14,20.98,1013.58
2020,6,DTW,9909,10,201.43,1.8,10425.2,16093.0,17.89,13.22,1015.18
2020,6,FLL,5975,3,220.0,2.23,15002.0,16093.0,25.57,24.1,1015.65
2020,6,IAH,8878,7,212.5,2.06,17107.71,16079.71,26.76,21.07,1013.33
2020,6,JFK,5101,9,190.0,5.43,7094.33,14339.22,23.99,16.26,1016.88
2020,6,LAX,12641,5,287.5,4.2,13364.6,16093.0,19.8,10.0,1012.72
2020,6,MCI,3590,5,226.0,3.62,14724.0,15127.6,22.0,20.34,1008.15
2020,6,MCO,9794,7,118.0,2.21,9081.5,15039.86,26.36,22.61,1016.26
2020,6,MEM,1565,18,166.67,2.57,17048.83,16087.83,25.12,17.64,1016.02
2020,6,ORD,19100,20,180.59,2.7,15145.85,16093.0,20.34,12.72,1018.07
2020,6,RSW,2647,2,80.0,1.8,11625.0,16093.0,24.4,23.35,1016.15
2020,6,SDF,1478,7,210.0,2.36,15063.0,16053.14,25.33,18.57,1013.42
2020,6,SEA,15867,5,42.0,3.94,5259.6,14483.8,17.12,11.7,1015.4
2020,6,SLC,9193,22,193.18,4.02,13141.86,15471.23,20.16,4.06,1012.79
2020,6,TPA,5197,7,142.5,2.27,14160.71,16079.71,28.94,20.73,1017.88
2020,7,ATL,37808,19,197.14,1.68,15266.32,15119.0,24.14,20.81,1017.09
2020,7,AUS,6152,8,187.14,3.16,19074.86,14673.25,26.88,21.88,1012.3
2020,7,CLT,27466,6,180.0,1.37,14712.33,16093.0,25.27,21.3,1014.2
2020,7,CVG,4137,42,189.66,2.04,15756.95,15180.21,24.01,19.67,1015.42
2020,7,DAL,8306,8,133.75,4.11,22000.0,16093.0,29.44,21.6,1012.31
2020,7,DEN,31861,106,178.8,4.66,18203.54,15954.47,21.98,8.3,1010.94
2020,7,DFW,40686,40,149.0,4.9,16089.32,16012.55,28.94,22.94,1012.7
2020,7,DTW,16662,34,173.55,2.59,10441.65,15761.71,20.91,16.81,1015.66
2020,7,FLL,11044,5,157.5,4.22,15760.4,16093.0,28.46,24.32,1017.42
2020,7,IAH,14815,8,165.0,1.94,14599.62,15489.5,28.06,24.08,1015.1
2020,7,JFK,10038,14,169.17,3.16,9217.0,14806.64,24.78,19.29,1015.51
2020,7,LAX,20531,13,262.86,1.33,13653.38,14483.92,18.07,15.08,1012.25
2020,7,MCI,5009,21,108.0,3.79,9948.06,14276.67,24.4,19.98,1013.29
2020,7,MCO,15302,7,137.14,3.84,16647.83,16079.71,28.34,23.57,1017.15
2020,7,MEM,2380,13,204.55,3.42,14423.33,16071.54,27.74,22.56,1014.77
2020,7,ORD,34880,42,241.62,2.9,12462.19,16077.5,23.49,18.54,1015.21
2020,7,RSW,3668,7,166.67,2.13,16358.71,15633.29,26.13,24.31,1015.03
2020,7,SDF,2356,19,166.43,1.73,13165.56,14969.89,24.86,21.22,1015.79
2020,7,SEA,20968,9,205.56,3.09,13978.62,14463.0,16.27,11.56,1019.91
2020,7,SLC,14867,18,224.62,3.15,22000.0,16087.53,26.47,6.46,1010.56
2020,7,TPA,8241,3,176.67,3.6,12921.33,16093.0,29.23,21.5,1015.03
2020,8,ATL,45245,9,185.71,2.37,9133.75,12690.44,23.44,21.19,1015.06
2020,8,AUS,6198,13,182.0,2.76,11798.36,15088.38,28.55,21.37,1013.4
2020,8,CLT,32293,11,226.25,1.64,11501.82,15645.64,24.09,20.65,1018.06
2020,8,CVG,4359,31,225.77,2.14,13720.26,14321.35,19.47,16.6,1015.15
2020,8,DAL,8962,10,198.89,2.99,22000.0,16093.0,28.28,18.72,1012.87
2020,8,DEN,37650,40,201.67,4.67,17412.67,15724.32,22.76,7.88,1011.13
2020,8,DFW,41757,43,155.28,3.92,17055.52,16004.74,28.16,20.48,1012.07
2020,8,DTW,19116,28,233.18,3.03,11764.67,14592.11,21.89,16.31,1013.81
2020,8,FLL,9254,9,165.0,4.22,16492.11,16093.0,29.38,25.69,1013.73
2020,8,IAH,16637,8,201.25,4.44,15769.25,16081.38,29.09,23.46,1013.0
2020,8,JFK,11014,11,138.75,3.09,11499.0,16059.18,24.32,19.9,1015.74
2020,8,LAX,22256,12,266.67,2.36,13534.42,13679.08,18.9,16.15,1011.56
2020,8,MCI,5325,28,166.92,2.82,17906.96,15285.11,20.71,16.88,1015.16
2020,8,MCO,13308,17,140.0,1.94,19131.15,16027.35,27.16,24.37,1015.79
2020,8,MEM,2908,18,143.12,3.19,11891.94,14766.39,26.09,21.13,1014.59
2020,8,ORD,38931,35,226.13,3.63,15650.62,16039.06,22.27,15.58,1016.33
2020,8,RSW,3262,13,150.0,1.66,20361.62,16093.0,26.25,24.43,1014.24
2020,8,SDF,2670,19,167.14,1.96,12198.47,14331.58,21.55,18.71,1015.08
2020,8,SEA,25237,13,167.0,2.56,16063.67,15954.92,17.98,11.4,1017.85
2020,8,SLC,16963,24,157.27,3.08,20997.89,15585.46,25.78,5.05,1009.55
2020,8,TPA,7509,2,200.0,2.6,11914.5,16093.0,30.25,21.95,1016.1
2020,9,ATL,41905,26,205.22,4.02,11529.4,15284.77,22.32,17.38,1015.45
2020,9,AUS,4911,13,182.5,2.65,14019.58,14101.69,24.53,21.54,1014.15
2020,9,CLT,29309,19,101.88,3.54,13081.41,15734.63,22.37,16.87,1018.56
2020,9,CVG,3813,21,141.88,2.36,18089.2,15214.38,16.34,12.68,1018.02
2020,9,DAL,7492,9,178.33,2.0,9449.89,15556.56,26.27,17.29,1015.81
2020,9,DEN,33080,58,209.64,3.97,18504.57,14956.0,16.1,1.78,1014.64
2020,9,DFW,38246,42,187.69,3.79,11900.0,15439.4,22.86,18.52,1014.87
2020,9,DTW,17615,25,201.18,2.99,14977.22,12191.44,15.82,10.06,1021.43
2020,9,FLL,7794,16,167.5,3.17,7429.36,15087.21,27.56,25.16,1013.01
2020,9,IAH,16436,8,147.5,1.3,14404.57,14036.75,23.75,20.54,1015.29
2020,9,JFK,10021,13,114.62,5.18,14154.7,16071.54,16.38,7.01,1025.05
2020,9,LAX,20333,18,192.31,1.93,11620.53,10271.18,20.08,15.69,1012.87
2020,9,MCI,4256,17,187.33,3.15,12626.06,14673.12,19.15,15.23,1016.05
2020,9,MCO,10845,9,157.78,4.1,16432.86,12911.67,25.2,23.38,1015.16
2020,9,MEM,2435,28,167.86,3.5,15378.12,15818.61,22.95,17.6,1014.77
2020,9,ORD,36128,27,218.8,3.21,13452.6,15963.48,18.03,11.37,1015.08
2020,9,RSW,2513,17,106.36,2.52,18363.29,15998.35,27.25,23.96,1014.48
2020,9,SDF,2439,31,196.47,1.43,18789.73,15733.68,17.65,13.49,1019.26
2020,9,SEA,22908,13,201.67,1.89,10228.11,11759.36,16.46,12.48,1018.07
2020,9,SLC,15592,21,162.0,3.94,20150.55,16075.29,17.77,1.04,1017.8
2020,9,TPA,5716,5,123.33,1.22,17819.4,16074.4,28.52,23.02,1017.08
2020,10,ATL,44742,19,210.56,3.51,17804.94,15278.32,19.91,14.07,1016.72
2020,10,AUS,5237,11,265.71,3.94,17270.22,14905.73,17.22,9.8,1015.93
2020,10,CLT,30976,14,249.17,2.09,6666.71,11460.43,18.69,15.84,1017.88
2020,10,CVG,4270,10,174.44,3.49,10902.22,15440.0,15.24,10.01,1015.33
2020,10,DAL,7489,11,230.0,1.74,8961.45,15654.09,18.79,13.56,1014.33
2020,10,DEN,37118,28,195.2,4.69,17552.81,15450.82,11.1,-4.97,1013.65
2020,10,DFW,42079,54,171.57,4.05,16476.77,15462.02,17.34,10.97,1016.84
2020,10,DTW,18932,17,223.75,3.61,7424.93,13595.18,10.49,5.39,1013.86
2020,10,FLL,10392,12,168.33,4.25,13846.83,16093.0,27.89,24.31,1013.15
2020,10,IAH,18362,13,88.0,3.05,16149.64,14188.15,20.5,16.42,1016.12
2020,10,JFK,11670,23,226.96,5.43,14850.1,13935.83,13.79,7.68,1017.74
2020,10,LAX,22639,15,245.0,1.37,14075.73,13840.13,20.57,15.31,1012.78
2020,10,MCI,4428,10,235.0,4.53,13549.78,15922.8,13.67,1.01,1021.54
2020,10,MCO,13953,11,138.18,3.52,22000.0,15835.09,24.49,21.3,1015.15
2020,10,MEM,2823,34,172.14,2.79,16134.0,15921.32,15.55,9.69,1018.85
2020,10,ORD,35744,26,226.36,3.78,14822.57,15893.0,8.66,2.27,1018.36
2020,10,RSW,4013,5,86.0,4.74,14029.0,16093.0,29.1,21.34,1014.76
2020,10,SDF,2377,21,234.74,3.01,22000.0,14208.19,10.13,6.93,1019.81
2020,10,SEA,24251,6,252.5,2.67,9111.33,12121.33,11.85,7.52,1021.94
2020,10,SLC,16669,6,265.0,3.85,22000.0,16077.5,8.62,-5.73,1017.87
2020,10,TPA,7068,11,175.45,2.73,12530.1,16076.09,26.15,20.5,1014.59
2020,11,ATL,46599,19,183.68,3.96,15801.74,14060.26,15.25,8.2,1022.36
2020,11,AUS,5629,7,302.0,2.5,12143.0,15849.86,19.9,11.37,1017.68
2020,11,CLT,29646,12,172.22,2.33,11041.91,14878.33,13.54,9.61,1024.06
2020,11,CVG,4397,11,206.0,4.86,14753.64,16093.0,10.95,3.39,1017.9
2020,11,DAL,7678,1,30.0,3.1,914.0,16093.0,11.7,4.4,
2020,11,DEN,37369,12,188.33,6.18,17496.36,15541.08,5.93,-7.72,1011.52
2020,11,DFW,41828,25,188.64,3.79,14200.88,16085.56,14.96,7.42,1019.8
2020,11,DTW,19324,5,252.0,6.3,5911.8,13357.2,5.0,-1.1,1020.18
2020,11,FLL,12926,9,128.75,4.63,3914.22,14126.11,25.24,22.97,1015.56
2020,11,IAH,20233,6,110.0,2.67,14941.0,16093.0,19.45,12.67,1021.6
2020,11,JFK,11903,11,180.0,5.53,12688.6,13085.0,9.9,5.0,1019.48
2020,11,LAX,23873,11,132.86,1.73,17111.09,14182.73,16.35,7.54,1016.97
2020,11,MCI,4732,4,152.5,5.93,22000.0,16046.5,10.42,5.28,1019.6
2020,11,MCO,17130,12,86.67,4.88,16249.86,13682.17,21.67,20.18,1017.28
2020,11,MEM,2751,18,177.5,3.75,16966.75,16082.67,13.61,7.16,1019.55
2020,11,ORD,33987,12,263.33,6.39,14669.75,15146.5,7.03,-1.57,1022.45
2020,11,RSW,5608,5,103.33,1.56,13230.4,10460.6,22.0,20.78,1014.8
2020,11,SDF,2283,11,216.0,2.72,22000.0,16033.82,9.68,4.47,1022.19
2020,11,SEA,23670,0,,,,,,,
2020,11,SLC,17095,7,248.33,3.97,11496.86,16093.0,3.01,-2.86,1020.43
2020,11,TPA,9084,9,75.0,3.71,12032.5,16082.67,21.98,14.87,1021.09
2020,12,ATL,49314,6,268.33,3.18,13352.0,15288.33,5.35,1.22,1016.4
2020,12,AUS,5438,4,273.33,2.55,22000.0,16093.0,8.75,0.82,1021.98
2020,12,CLT,31321,3,205.0,1.7,22000.0,16062.0,1.27,-3.13,1025.77
2020,12,CVG,4363,5,277.5,2.18,3764.25,14030.8,0.78,-4.56,1023.18
2020,12,DAL,7049,4,245.0,3.72,16644.75,15690.75,10.15,3.2,1016.25
2020,12,DEN,37781,7,218.57,4.26,19728.0,16093.0,-2.06,-10.63,1020.23
2020,12,DFW,43835,15,211.43,4.48,10393.62,16080.6,7.79,3.19,1017.93
2020,12,DTW,19715,0,,,,,,,
2020,12,FLL,15238,6,226.0,2.58,17206.67,16093.0,21.3,17.6,1018.1
2020,12,IAH,22182,4,185.0,2.73,22000.0,16062.0,7.4,1.3,1025.2
2020,12,JFK,13124,5,206.0,4.96,5570.4,9977.8,2.22,-1.22,1012.86
2020,12,LAX,26009,7,175.0,1.76,17673.71,16093.0,16.2,-0.73,1019.89
2020,12,MCI,4470,0,,,,,,,
2020,12,MCO,18288,8,245.71,2.28,22000.0,16011.62,7.02,3.72,1021.98
2020,12,MEM,2800,7,226.67,2.96,11380.83,15620.0,6.2,0.7,1019.38
2020,12,ORD,33837,4,262.5,2.42,22000.0,16093.0,-1.8,-7.08,1024.92
2020,12,RSW,6679,7,140.0,2.59,15975.57,16093.0,18.97,14.69,1018.67
2020,12,SDF,2211,4,260.0,5.42,14768.33,15546.5,1.38,-4.45,1016.88
2020,12,SEA,23669,3,40.0,0.5,22000.0,16031.0,3.5,0.77,1030.13
2020,12,SLC,17916,2,235.0,3.85,11289.5,9253.5,-1.7,-4.45,1022.0
2020,12,TPA,9968,8,276.25,4.0,15788.38,16093.0,16.81,10.42,1020.5
2021,1,ATL,48238,12,204.0,3.18,6692.1,14468.25,6.52,1.99,1016.18
2021,1,AUS,5058,1,320.0,3.6,22000.0,16093.0,7.2,0.0,1019.7
2021,1,CLT,31056,2,340.0,1.55,22000.0,16093.0,-0.3,-4.45,1023.75
2021,1,CVG,4264,6,173.33,3.95,4621.67,12203.83,0.1,-3.25,1020.0
2021,1,DAL,6525,4,113.33,2.08,16522.75,12673.25,6.7,0.18,1018.33
2021,1,DEN,35959,4,220.0,3.75,15682.67,16069.75,-0.15,-11.28,1023.32
2021,1,DFW,43960,12,174.17,4.72,11823.91,16085.25,9.35,0.84,1019.82
2021,1,DTW,18927,1,290.0,2.6,488.0,11265.0,0.6,-1.7,1017.5
2021,1,FLL,14623,5,276.0,3.3,13748.6,16093.0,16.08,11.34,1020.48
2021,1,IAH,22119,5,356.67,4.22,13450.0,16074.4,11.32,3.32,1023.34
2021,1,JFK,12450,11,140.0,2.99,9951.22,15613.09,2.18,-2.85,1017.68
2021,1,LAX,25341,5,77.5,1.98,11896.8,12391.6,10.34,6.44,1019.45
2021,1,MCI,4240,1,200.0,3.6,22000.0,16093.0,-5.0,-7.8,1026.9
2021,1,MCO,17239,9,163.33,2.23,22000.0,14949.33,10.39,7.1,1021.14
2021,1,MEM,2776,2,180.0,4.1,14200.5,16046.5,10.0,7.5,1010.4
2021,1,ORD,31130,4,280.0,3.32,5850.5,13276.75,-3.48,-7.1,1020.62
2021,1,RSW,6621,5,96.0,1.72,13480.4,15127.4,16.44,12.44,1020.3
2021,1,SDF,2138,3,183.33,4.3,619.67,12069.67,4.8,0.57,1019.15
2021,1,SEA,22358,3,113.33,2.07,7760.0,16093.0,2.8,0.83,1021.0
2021,1,SLC,17575,3,125.0,4.63,10584.33,16093.0,3.87,-4.43,1019.83
2021,1,TPA,9397,4,177.5,2.97,11282.0,16093.0,15.85,12.78,1018.88
2021,2,ATL,42719,10,266.67,2.82,7365.0,11989.4,10.38,5.22,1016.36
2021,2,AUS,3923,4,215.0,6.82,16553.25,14081.5,14.02,3.75,1014.85
2021,2,CLT,27822,0,,,,,,,
2021,2,CVG,3883,5,200.0,3.92,6911.6,11426.0,0.38,-5.02,1021.17
2021,2,DAL,5144,12,199.0,3.95,12932.92,15422.5,7.38,0.64,1020.08
2021,2,DEN,32053,6,231.67,4.8,18816.0,15556.67,-2.78,-13.25,1009.78
2021,2,DFW,34127,19,217.5,4.25,14905.37,15500.11,7.25,1.83,1022.09
2021,2,DTW,16719,7,187.14,3.31,5010.86,8621.43,-8.49,-12.07,1025.53
2021,2,FLL,13402,9,137.78,4.99,11789.44,16093.0,23.94,19.02,1018.47
2021,2,IAH,18446,2,240.0,1.8,11701.0,16093.0,10.85,2.25,1022.95
2021,2,JFK,10728,5,126.0,6.06,6972.4,13518.2,2.18,-4.02,1021.82
2021,2,LAX,21731,4,200.0,3.85,12143.0,16093.0,12.92,8.5,1016.58
2021,2,MCI,3683,6,181.67,5.48,19603.33,15556.67,-2.7,-11.48,1026.13
2021,2,MCO,15766,17,181.33,4.11,15433.62,15084.0,19.03,12.98,1019.07
2021,2,MEM,2055,7,177.14,3.89,11379.29,16093.0,11.3,0.96,1018.8
2021,2,ORD,28710,1,150.0,3.1,22000.0,16093.0,-7.2,-11.7,1027.1
2021,2,RSW,6067,5,187.5,2.36,17679.2,15449.4,18.38,15.2,1017.4
2021,2,SDF,1856,3,356.67,4.6,660.67,11801.67,-3.5,-6.5,1024.3
2021,2,SEA,20989,5,204.0,3.5,1871.6,14483.8,6.66,3.12,1015.96
2021,2,SLC,15514,2,170.0,2.1,,16000.0,0.6,-7.2,1017.3
2021,2,TPA,8625,6,162.5,2.0,11081.17,11131.0,21.1,19.15,1017.22
2021,3,ATL,55167,7,202.86,3.67,14182.57,15173.57,12.86,3.73,1022.3
2021,3,AUS,7464,3,250.0,5.33,15073.0,16093.0,17.03,8.9,1016.07
2021,3,CLT,39790,5,208.0,5.14,14876.4,16093.0,17.78,7.12,1021.02
2021,3,CVG,5250,3,103.33,2.77,15022.33,16093.0,5.57,2.03,1020.27
2021,3,DAL,8640,6,150.0,4.45,15784.33,16093.0,16.77,6.57,1020.52
2021,3,DEN,39639,11,166.0,4.31,16640.09,14337.36,0.81,-6.42,1017.25
2021,3,DFW,50054,19,212.63,5.6,12793.28,15405.63,15.06,6.19,1016.11
2021,3,DTW,20885,9,266.67,4.37,12260.22,13053.33,5.42,-1.59,1022.05
2021,3,FLL,18529,6,212.0,2.58,15174.67,16093.0,21.23,16.33,1015.7
2021,3,IAH,26888,0,,,,,,,
2021,3,JFK,14969,8,222.86,5.09,14935.83,14108.12,5.91,-0.85,1019.31
2021,3,LAX,27343,8,194.29,2.98,7901.0,15880.25,12.76,5.29,1016.8
2021,3,MCI,5268,4,187.5,7.2,8908.0,16069.75,15.15,3.62,1014.92
2021,3,MCO,23045,17,105.83,3.11,13053.5,15937.06,19.69,15.12,1021.69
2021,3,MEM,3412,6,227.5,2.32,19603.33,16077.5,17.57,4.35,1015.43
2021,3,ORD,38730,13,216.92,4.15,11031.17,16085.85,6.92,-0.18,1017.48
2021,3,RSW,9335,8,182.5,4.69,11335.38,15690.75,25.01,17.29,1018.07
2021,3,SDF,2804,11,173.0,4.45,5713.8,15645.64,12.35,5.76,1018.11
2021,3,SEA,26647,5,176.0,3.3,7620.0,16055.8,10.66,0.58,1020.28
2021,3,SLC,19237,10,198.89,3.9,17792.0,15932.1,4.66,-4.78,1019.72
2021,3,TPA,12546,5,154.0,2.88,9074.4,16093.0,21.22,15.44,1019.6
2021,4,ATL,54680,13,240.0,4.08,11048.15,15969.23,19.86,11.64,1014.58
2021,4,AUS,8045,10,155.0,4.42,12530.44,13669.8,19.26,11.06,1011.4
2021,4,CLT,41128,12,219.0,3.04,16957.5,15123.25,13.79,4.49,1018.84
2021,4,CVG,5127,2,185.0,3.85,2438.5,16093.0,16.65,14.45,1007.0
2021,4,DAL,8774,10,172.22,3.09,8791.5,14805.6,15.95,9.66,1017.3
2021,4,DEN,42073,18,195.33,3.96,13558.0,16087.53,5.13,-5.45,1014.49
2021,4,DFW,48425,54,187.0,4.5,8063.26,15646.0,15.89,10.07,1013.72
2021,4,DTW,21183,8,256.25,4.25,1398.5,11667.5,9.59,5.15,1011.55
2021,4,FLL,18130,5,198.0,3.28,13870.6,16093.0,24.9,21.66,1015.18
2021,4,IAH,27764,20,133.12,3.6,8867.32,13669.75,18.53,13.98,1015.52
2021,4,JFK,16900,6,245.0,4.78,6028.83,13410.83,11.38,5.75,1010.26
2021,4,LAX,28442,5,246.0,5.04,18453.4,15449.4,17.8,10.22,1015.94
2021,4,MCI,5300,9,252.22,5.71,12760.67,15377.78,14.62,5.09,1016.67
2021,4,MCO,23106,16,160.71,3.68,17329.71,15851.19,22.29,17.08,1015.53
2021,4,MEM,3333,17,209.33,4.23,10391.93,15787.12,21.34,11.99,1015.24
2021,4,ORD,41133,11,182.0,4.6,7247.45,15654.09,11.85,4.61,1008.62
2021,4,RSW,8828,7,120.0,1.7,22000.0,16093.0,22.04,17.14,1015.47
2021,4,SDF,2882,14,178.89,2.64,18211.78,16026.57,14.21,7.18,1013.56
2021,4,SEA,27288,10,140.0,3.19,18194.89,16074.4,15.13,1.38,1022.11
2021,4,SLC,19163,6,206.0,2.75,22000.0,16077.5,11.38,-3.03,1013.83
2021,4,TPA,12274,6,167.5,2.65,11477.5,15541.17,21.38,15.55,1015.15
2021,5,ATL,57969,26,201.36,3.55,15473.8,15714.46,19.05,11.86,1019.43
2021,5,AUS,9426,14,120.71,4.56,8841.36,15230.86,21.76,19.01,1014.21
2021,5,CLT,42872,16,221.43,2.79,10094.44,15590.12,18.55,12.47,1021.61
2021,5,CVG,5712,12,161.11,2.48,15050.2,14819.75,13.88,8.16,1020.96
2021,5,DAL,9663,14,162.5,3.52,6020.57,14627.36,20.91,16.46,1017.05
2021,5,DEN,45683,63,180.0,3.52,13459.02,14818.18,11.84,5.43,1012.35
2021,5,DFW,53195,55,151.46,4.42,8209.82,15412.25,21.59,15.91,1014.02
2021,5,DTW,22677,14,140.91,3.56,11024.69,14924.64,17.11,6.69,1024.09
2021,5,FLL,20033,7,160.0,3.0,19118.43,16093.0,25.96,21.37,1015.7
2021,5,IAH,29624,22,156.84,4.1,9146.89,14138.68,23.61,18.42,1015.42
2021,5,JFK,20606,20,205.5,4.64,11886.05,16093.0,15.52,7.75,1018.83
2021,5,LAX,33556,12,210.0,3.78,8311.33,15824.83,16.54,11.31,1015.29
2021,5,MCI,6045,12,153.33,3.01,7736.8,12442.33,19.77,12.02,1016.42
2021,5,MCO,25197,10,93.0,4.26,19215.4,15337.2,23.9,17.72,1020.5
2021,5,MEM,3560,29,121.25,3.99,10424.0,15920.1,20.83,13.22,1017.07
2021,5,ORD,49116,29,170.36,4.21,6932.59,15698.14,16.79,10.28,1019.7
2021,5,RSW,7737,4,123.33,4.53,17109.5,16093.0,25.18,17.42,1016.53
2021,5,SDF,3128,21,154.12,3.07,14067.83,15017.05,16.1,9.94,1021.3
2021,5,SEA,29890,18,188.82,3.97,8430.61,16082.67,12.59,6.58,1021.12
2021,5,SLC,21029,30,199.66,4.04,15607.67,15878.43,17.9,0.13,1010.55
2021,5,TPA,12507,10,132.0,3.61,20653.4,16093.0,27.0,18.82,1019.69
2021,6,ATL,58820,20,197.78,2.68,7508.6,14604.4,22.34,18.83,1016.01
2021,6,AUS,11045,12,224.29,2.58,11316.25,14472.83,24.21,21.52,1012.36
2021,6,CLT,41936,11,170.0,2.15,13593.8,16076.09,23.08,19.15,1018.16
2021,6,CVG,6526,12,190.91,3.26,12770.42,15280.67,20.94,15.49,1018.26
2021,6,DAL,10398,5,154.0,4.12,9513.4,16093.0,25.54,21.44,1013.75
2021,6,DEN,50339,130,195.18,4.28,16144.59,16086.3,19.62,8.87,1009.79
2021,6,DFW,55633,34,173.12,5.26,13231.42,16037.47,27.0,20.82,1011.72
2021,6,DTW,24118,17,167.69,1.91,9279.56,10501.0,20.96,17.29,1014.31
2021,6,FLL,19146,5,118.0,4.54,15272.6,16093.0,28.32,23.44,1017.82
2021,6,IAH,32596,10,166.25,1.89,11820.0,15118.1,27.13,23.33,1013.54
2021,6,JFK,23714,13,193.33,4.56,10619.58,14971.77,20.9,15.65,1012.82
2021,6,LAX,38745,12,211.11,2.62,12803.55,15507.91,16.71,13.73,1013.7
2021,6,MCI,7033,8,227.5,3.26,17566.75,15087.25,22.35,15.49,1013.72
2021,6,MCO,25100,17,140.0,2.74,17158.18,16060.18,26.13,22.46,1018.36
2021,6,MEM,3681,12,195.0,3.64,16784.18,15660.83,26.39,19.76,1013.71
2021,6,ORD,57994,21,205.33,3.42,15543.33,15686.86,21.9,14.56,1013.51
2021,6,RSW,6356,7,100.0,1.69,22000.0,16093.0,24.61,22.23,1016.99
2021,6,SDF,3892,15,203.08,3.91,9167.33,13868.87,22.56,16.92,1014.9
2021,6,SEA,32465,10,234.0,3.66,17984.89,16083.7,18.73,11.72,1015.68
2021,6,SLC,22152,15,157.14,3.33,17129.43,15872.27,23.3,3.23,1010.69
2021,6,TPA,11976,26,167.5,2.97,7260.54,15412.15,27.91,23.21,1018.16
2021,7,ATL,61247,31,223.7,2.06,13000.74,12926.42,24.04,20.98,1016.73
2021,7,AUS,12319,8,185.0,1.94,4213.25,15891.88,24.18,22.72,1016.66
2021,7,CLT,43105,12,173.33,2.58,14248.08,15012.42,23.84,20.41,1016.38
2021,7,CVG,6755,19,205.33,2.46,13502.78,12998.0,22.61,17.36,1016.65
2021,7,DAL,11055,19,171.43,2.66,15619.32,16093.0,27.43,21.19,1016.4
2021,7,DEN,54269,148,204.86,4.47,18121.18,16044.16,21.59,10.86,1012.25
2021,7,DFW,58482,91,163.3,3.56,15103.56,15366.16,25.14,21.16,1015.58
2021,7,DTW,25170,44,239.74,3.41,9807.26,12620.39,21.08,16.51,1015.78
2021,7,FLL,19746,7,152.5,2.36,18966.0,16093.0,26.46,24.56,1017.55
2021,7,IAH,35947,14,159.17,2.54,14891.86,15396.64,28.26,22.94,1016.28
2021,7,JFK,25620,21,212.5,4.41,10560.95,14091.71,23.14,19.15,1013.96
2021,7,LAX,41955,9,233.75,3.18,14792.0,13221.78,20.02,16.47,1014.63
2021,7,MCI,7492,17,181.33,2.73,16439.38,14289.0,25.05,20.72,1015.91
2021,7,MCO,26513,15,193.85,2.62,18002.8,16068.2,28.89,22.85,1018.66
2021,7,MEM,3911,23,151.5,3.2,11084.26,15323.43,28.5,22.63,1015.8
2021,7,ORD,65858,46,173.1,3.86,16912.93,14687.87,21.71,16.99,1016.8
2021,7,RSW,6054,14,170.0,1.38,20371.0,16093.0,25.71,22.38,1017.93
2021,7,SDF,4346,18,161.88,2.94,14943.59,14836.22,25.09,18.64,1017.36
2021,7,SEA,34459,15,243.64,2.12,11644.43,16086.8,16.12,11.91,1020.08
2021,7,SLC,23422,8,238.75,3.35,19815.14,15569.75,32.51,5.62,1010.68
2021,7,TPA,12422,18,177.86,2.67,13034.82,15278.06,28.33,23.16,1019.27
2021,8,ATL,60029,19,214.38,3.05,12856.0,15135.89,26.14,20.7,1015.56
2021,8,AUS,12283,25,131.25,2.02,13987.82,15302.52,26.17,22.56,1014.25
2021,8,CLT,41710,36,190.36,2.11,15568.33,14945.64,26.8,20.99,1018.56
2021,8,CVG,6623,29,160.0,2.73,11527.07,13439.28,22.29,17.43,1017.22
2021,8,DAL,10748,13,191.67,3.4,12575.85,15597.92,27.7,21.89,1014.89
2021,8,DEN,54893,70,215.65,4.12,19869.01,14279.19,21.3,7.16,1010.02
2021,8,DFW,55080,60,185.27,3.67,15490.08,14891.95,27.04,21.78,1014.0
2021,8,DTW,24781,61,200.0,2.85,10124.02,11397.15,23.74,18.14,1016.78
2021,8,FLL,18602,17,185.56,2.27,13705.71,15998.35,27.55,24.02,1015.18
2021,8,IAH,36139,5,126.67,2.14,8728.4,15127.4,29.7,23.24,1014.1
2021,8,JFK,25771,23,213.18,3.79,9776.23,15389.3,23.83,19.5,1017.05
2021,8,LAX,41949,13,253.33,4.16,15990.38,14731.38,20.95,15.77,1012.31
2021,8,MCI,7399,20,174.5,3.7,16174.2,14403.3,26.26,20.15,1014.77
2021,8,MCO,25415,26,166.88,2.36,11538.95,15421.62,28.21,23.48,1016.99
2021,8,MEM,3722,25,178.57,1.97,13628.88,15490.12,26.91,20.58,1016.7
2021,8,ORD,68075,58,194.22,2.25,14443.19,15897.19,22.95,18.63,1015.46
2021,8,RSW,5705,36,104.17,2.07,18673.72,15869.5,26.15,23.18,1016.06
2021,8,SDF,4461,18,172.67,2.32,13735.76,15882.17,25.43,20.72,1014.92
2021,8,SEA,34776,11,186.36,2.67,14274.27,16093.0,16.21,11.76,1018.58
2021,8,SLC,23158,25,205.24,3.48,21184.92,15120.08,24.47,5.08,1011.47
2021,8,TPA,12091,14,154.0,2.57,12306.69,16073.07,27.78,23.92,1016.98
2021,9,ATL,57254,17,220.0,2.45,10547.5,14762.29,23.89,17.5,1016.06
2021,9,AUS,12282,11,165.56,2.85,11066.82,15654.09,23.55,19.53,1012.84
2021,9,CLT,38273,34,229.31,2.49,18050.06,14762.26,21.08,13.73,1016.88
2021,9,CVG,6251,18,210.0,3.03,17639.39,15556.56,19.06,13.84,1016.75
2021,9,DAL,10555,4,147.5,4.53,22000.0,16093.0,24.6,17.08,1012.88
2021,9,DEN,51823,53,210.83,4.26,18042.55,15907.32,17.06,2.4,1011.89
2021,9,DFW,52553,32,188.08,2.88,18478.03,15977.91,23.66,17.0,1014.01
2021,9,DTW,23982,23,149.09,4.03,6630.35,14693.74,18.86,14.06,1013.71
2021,9,FLL,16858,17,192.14,2.34,16691.24,15525.0,26.84,24.19,1014.41
2021,9,IAH,34152,13,173.33,1.86,20342.85,15721.62,25.01,19.83,1014.25
2021,9,JFK,23781,27,251.15,4.05,13984.37,16089.56,19.76,12.64,1017.68
2021,9,LAX,38942,10,228.89,3.95,17664.0,14644.8,20.71,15.14,1013.2
2021,9,MCI,7061,12,201.67,4.98,16698.27,14529.58,22.83,16.2,1014.76
2021,9,MCO,22756,30,228.26,2.35,16922.64,16068.2,26.54,22.24,1014.33
2021,9,MEM,3588,29,210.0,3.51,17208.64,15896.38,23.3,16.37,1015.5
2021,9,ORD,61790,64,220.68,4.33,12831.79,15902.95,19.42,13.8,1014.57
2021,9,RSW,4651,20,112.31,2.1,16134.5,16093.0,26.94,21.32,1015.06
2021,9,SDF,4095,16,160.0,2.29,12499.0,13614.25,21.71,17.41,1017.09
2021,9,SEA,32445,11,205.56,3.46,7252.62,15766.64,18.32,10.36,1019.41
2021,9,SLC,21699,22,221.36,4.15,20557.9,15499.36,21.66,3.68,1013.05
2021,9,TPA,10911,12,175.0,2.18,16495.5,16085.25,27.41,22.24,1014.76
2021,10,ATL,59987,35,229.41,3.61,15396.8,16093.0,22.01,14.37,1016.67
2021,10,AUS,13683,11,238.33,1.23,15543.78,15273.64,16.86,13.49,1013.88
2021,10,CLT,41404,20,188.67,2.78,17661.83,15761.9,21.64,12.52,1018.02
2021,10,CVG,6765,12,223.0,3.43,7400.0,15288.33,15.04,11.12,1015.91
2021,10,DAL,11116,7,138.33,2.66,20163.43,16093.0,23.33,10.16,1018.2
2021,10,DEN,49830,28,239.26,3.91,20885.79,16093.0,10.12,-2.1,1014.49
2021,10,DFW,53271,39,228.62,3.92,18708.41,15944.9,20.18,11.21,1013.64
2021,10,DTW,24295,18,211.88,2.44,2461.78,11399.44,15.73,12.53,1015.62
2021,10,FLL,17881,29,141.54,3.46,10407.79,16093.0,26.27,23.44,1012.96
2021,10,IAH,35041,14,110.0,3.41,11892.08,14706.29,22.91,15.14,1017.54
2021,10,JFK,24390,54,224.9,4.49,9016.02,15702.15,17.06,11.74,1015.32
2021,10,LAX,40240,13,118.75,1.93,13853.73,16085.25,18.38,10.92,1014.55
2021,10,MCI,7340,12,225.45,3.78,19876.2,15240.33,16.94,9.88,1014.35
2021,10,MCO,25125,27,200.91,3.1,14714.28,15328.67,24.31,19.18,1014.69
2021,10,MEM,3803,32,232.14,3.28,11934.48,15419.75,20.61,15.95,1015.04
2021,10,ORD,62731,44,208.89,3.66,9956.24,14471.36,15.7,12.0,1013.32
2021,10,RSW,5591,6,122.0,2.42,22000.0,16093.0,23.98,20.38,1012.07
2021,10,SDF,4276,29,220.45,2.36,18669.18,13404.97,16.09,13.26,1016.8
2021,10,SEA,31653,19,163.12,3.89,5935.29,15405.63,10.96,6.72,1015.18
2021,10,SLC,21295,19,171.18,3.21,14036.76,15998.44,10.99,2.61,1017.56
2021,10,TPA,11837,15,158.18,2.2,13967.0,16086.8,25.09,20.01,1014.05
2021,11,ATL,57384,29,243.64,2.63,17754.34,15982.03,11.92,3.06,1022.01
2021,11,AUS,14253,10,213.33,2.0,15757.11,15922.8,12.72,7.62,1022.44
2021,11,CLT,38817,10,241.11,2.6,22000.0,16093.0,7.6,-2.62,1022.66
2021,11,CVG,6624,13,175.56,2.52,15505.54,15226.46,3.85,-1.12,1021.7
2021,11,DAL,10705,0,,,,,,,
2021,11,DEN,47626,19,211.76,4.69,15013.44,15799.72,5.93,-7.15,1016.14
2021,11,DFW,51463,15,162.5,4.23,15810.73,16086.8,13.11,6.57,1019.78
2021,11,DTW,23694,7,265.0,4.2,8247.83,16093.0,3.45,-3.72,1020.72
2021,11,FLL,17908,16,262.31,2.51,11021.38,15992.44,21.48,17.96,1016.82
2021,11,IAH,33228,14,120.0,3.31,15376.62,14482.36,14.49,9.64,1023.25
2021,11,JFK,29328,22,231.82,5.12,17022.05,16084.55,8.19,0.58,1021.89
2021,11,LAX,39048,13,111.43,1.83,6970.85,10305.85,16.07,10.71,1018.88
2021,11,MCI,7281,6,240.0,5.07,15494.83,16093.0,8.9,-1.3,1020.5
2021,11,MCO,26134,7,245.0,3.89,19044.5,16066.43,14.91,11.69,1020.26
2021,11,MEM,3887,12,200.0,3.33,17960.5,16093.0,10.04,1.87,1020.32
2021,11,ORD,56743,17,242.67,3.77,12588.81,16087.53,2.0,-3.39,1021.36
2021,11,RSW,7555,2,185.0,3.1,22000.0,16093.0,18.35,12.2,1017.75
2021,11,SDF,4128,14,264.55,2.79,13590.44,16053.14,6.54,1.33,1023.44
2021,11,SEA,28818,10,102.0,3.7,3805.25,10607.5,5.64,3.42,1010.55
2021,11,SLC,19199,6,261.67,3.27,12219.17,15288.33,7.52,1.02,1019.56
2021,11,TPA,13641,8,183.33,3.22,12128.29,16081.38,21.72,14.38,1018.92
2021,12,ATL,56362,18,197.69,2.19,11333.56,12930.28,11.82,8.36,1020.33
2021,12,AUS,14201,3,185.0,3.93,7638.0,12338.0,18.3,16.63,
2021,12,CLT,39211,3,90.0,0.7,7516.0,9790.0,6.13,1.47,1023.75
2021,12,CVG,6396,9,225.0,4.12,7327.33,14170.78,5.27,-0.38,1017.64
2021,12,DAL,10453,3,175.0,3.77,5212.0,16093.0,17.03,14.07,1007.27
2021,12,DEN,47004,22,192.27,4.96,18986.9,16084.55,1.68,-11.64,1009.07
2021,12,DFW,52585,12,189.17,3.6,12204.5,14617.83,11.84,6.25,1014.85
2021,12,DTW,23184,9,224.44,6.07,1622.11,10952.22,3.64,-0.48,1007.52
2021,12,FLL,19301,13,136.0,2.8,17485.77,16093.0,24.35,20.41,1018.4
2021,12,IAH,33093,9,82.86,3.66,3643.11,14662.56,16.29,12.24,1020.02
2021,12,JFK,30434,17,266.47,5.38,14841.65,14709.41,6.05,-2.7,1019.7
2021,12,LAX,39237,5,217.5,3.7,9903.4,12231.0,13.0,8.36,1018.03
2021,12,MCI,6953,4,137.5,4.65,11297.25,15288.5,4.88,-1.25,1012.25
2021,12,MCO,27896,6,287.5,1.98,22000.0,14062.0,19.73,16.67,1020.54
2021,12,MEM,3751,5,212.0,2.78,10354.4,9816.8,9.54,6.0,1017.76
2021,12,ORD,56265,10,245.71,3.96,5725.9,14684.9,1.8,-3.44,1016.7
2021,12,RSW,8561,5,97.5,1.52,9165.8,10058.0,18.76,16.76,1019.48
2021,12,SDF,3869,3,233.33,3.1,16190.67,16093.0,9.23,3.9,1022.05
2021,12,SEA,26675,2,115.0,4.6,2270.5,13679.0,2.25,0.25,1022.9
2021,12,SLC,18743,4,160.0,4.0,12829.0,13679.25,0.45,-6.0,1019.53
2021,12,TPA,14609,10,287.5,2.67,11438.9,14966.5,20.44,16.43,1018.41
2022,1,ATL,53707,7,245.71,4.21,17456.0,16093.0,4.3,-2.61,1022.11
2022,1,AUS,13608,3,340.0,3.43,8887.67,11801.67,4.6,0.17,1023.65
2022,1,CLT,35425,5,210.0,2.36,11152.5,13499.6,7.56,-0.1,1011.75
2022,1,CVG,5951,2,220.0,5.15,7010.5,16093.0,3.9,-5.55,1010.05
2022,1,DAL,10061,4,192.5,2.82,14810.0,16093.0,8.48,-4.2,1017.25
2022,1,DEN,42830,19,183.33,4.06,13853.32,12573.16,-6.08,-11.57,1019.13
2022,1,DFW,50084,3,263.33,2.93,22000.0,16093.0,8.33,-1.47,1023.67
2022,1,DTW,21957,4,147.5,4.1,975.5,9253.75,-9.6,-13.6,1020.58
2022,1,FLL,18316,4,246.67,2.58,6445.0,16093.0,17.23,14.3,1018.25
2022,1,IAH,29393,7,210.0,4.49,12199.0,16079.71,8.57,-0.16,1024.29
2022,1,JFK,29896,7,262.86,5.59,11457.71,16093.0,-1.84,-8.21,1024.15
2022,1,LAX,37465,5,147.5,1.78,10708.0,13097.2,13.34,0.56,1019.62
2022,1,MCI,6562,0,,,,,,,
2022,1,MCO,26359,14,293.08,4.33,17082.54,15800.64,13.17,6.27,1018.87
2022,1,MEM,3247,0,,,,,,,
2022,1,ORD,49759,1,170.0,3.1,22000.0,16093.0,-7.2,-13.3,1012.6
2022,1,RSW,8421,2,100.0,1.05,12829.0,16093.0,17.2,8.9,1016.05
2022,1,SDF,3593,6,201.67,3.0,5728.6,12200.0,1.7,-4.37,1022.27
2022,1,SEA,26754,6,170.0,2.48,4613.2,7370.17,2.62,1.65,1020.3
2022,1,SLC,18437,1,250.0,2.6,2743.0,14484.0,0.0,-2.2,
2022,1,TPA,13476,6,156.0,2.48,15301.67,14483.67,11.47,5.2,1022.33
2022,2,ATL,49557,9,196.25,4.11,16802.86,15456.38,9.94,3.91,1023.25
2022,2,AUS,12061,6,164.0,5.67,11500.6,16077.5,15.45,10.0,1016.45
2022,2,CLT,34255,10,208.0,4.68,9776.86,11404.7,9.67,4.45,1019.85
2022,2,CVG,5367,7,233.33,4.79,7841.5,14421.29,-1.11,-5.37,1025.81
2022,2,DAL,8692,3,10.0,1.53,22000.0,16093.0,-1.47,-6.07,1030.33
2022,2,DEN,41393,13,208.46,5.04,19600.15,16093.0,-2.87,-12.02,1019.37
2022,2,DFW,40213,3,113.33,4.97,10015.67,12338.0,11.13,2.4,1021.8
2022,2,DTW,19315,3,216.67,5.5,2895.67,10728.67,-2.4,-8.33,1019.87
2022,2,FLL,17786,7,91.67,6.46,7187.0,16093.0,23.97,17.79,1021.77
2022,2,IAH,27766,3,105.0,2.93,14880.0,16062.0,12.77,3.7,1023.4
2022,2,JFK,29045,10,212.22,6.2,7439.0,11246.6,2.33,-2.77,1023.31
2022,2,LAX,33927,8,170.0,1.92,17052.5,16093.0,18.34,3.82,1018.92
2022,2,MCI,6164,3,186.67,6.7,14930.67,12874.33,4.83,-6.7,1017.63
2022,2,MCO,24246,7,180.0,2.27,13681.6,12251.86,20.33,15.71,1021.7
2022,2,MEM,2783,6,273.33,4.37,11203.33,14483.83,5.05,-2.05,1021.08
2022,2,ORD,46155,4,217.5,7.88,7009.0,16093.0,6.08,-0.55,1014.08
2022,2,RSW,8191,5,115.0,2.36,13748.6,14161.8,19.56,14.54,1019.62
2022,2,SDF,3323,3,160.0,6.7,8014.0,11801.67,11.5,6.83,1009.5
2022,2,SEA,25672,6,201.67,3.68,1700.8,12858.83,5.95,0.28,1024.28
2022,2,SLC,16547,4,242.5,3.48,12707.0,12874.5,1.63,-6.65,1024.4
2022,2,TPA,12630,7,156.67,3.09,13695.0,15633.29,16.79,10.01,1024.6
2022,3,ATL,57598,10,186.67,3.28,17533.6,15771.2,16.18,1.12,1021.24
2022,3,AUS,15712,13,221.67,4.78,13461.54,15597.92,13.6,5.21,1017.91
2022,3,CLT,38230,5,225.0,1.66,12000.4,16093.0,11.0,2.98,1017.12
2022,3,CVG,6392,3,226.67,8.77,1402.33,16093.0,7.03,-2.77,1008.93
2022,3,DAL,10911,1,,0.0,22000.0,16093.0,6.7,-1.1,1021.8
2022,3,DEN,46678,12,222.73,4.63,14342.33,14905.73,4.65,-4.7,1012.34
2022,3,DFW,50383,9,113.75,4.12,18211.78,16093.0,14.99,1.36,1016.57
2022,3,DTW,23563,11,255.71,2.37,14967.9,13357.3,3.61,-0.9,1021.75
2022,3,FLL,20901,4,202.5,4.62,11724.0,16093.0,20.55,15.95,1020.88
2022,3,IAH,32151,11,157.27,4.12,14235.45,14556.82,17.79,12.63,1014.19
2022,3,JFK,33338,15,271.43,5.15,14334.93,14745.4,5.98,-1.81,1017.45
2022,3,LAX,38894,5,246.67,2.26,18087.6,14805.6,15.88,10.12,1014.4
2022,3,MCI,7139,6,206.0,4.63,15078.17,15272.83,8.25,-0.08,1016.72
2022,3,MCO,28793,24,236.52,3.12,19394.14,15416.46,18.5,14.3,1020.38
2022,3,MEM,3859,10,158.89,3.71,14266.8,15430.7,10.84,3.12,1014.86
2022,3,ORD,55480,12,190.0,2.92,5760.17,15154.33,3.6,-1.57,1019.69
2022,3,RSW,10331,5,143.33,2.98,17612.2,15449.4,21.66,18.02,1017.72
2022,3,SDF,3797,6,210.0,5.57,11772.17,15824.83,4.82,-4.17,1017.45
2022,3,SEA,29912,16,195.0,4.02,1510.81,15891.88,9.1,4.2,1022.13
2022,3,SLC,19173,10,212.22,4.12,9389.0,16093.0,6.06,-4.06,1016.09
2022,3,TPA,15662,14,200.0,4.26,13993.23,15166.86,24.64,16.0,1018.82
2022,4,ATL,56543,16,215.83,2.48,17679.19,15992.44,18.79,9.12,1017.73
2022,4,AUS,15447,14,175.71,5.7,8745.43,16093.0,23.96,17.07,1008.95
2022,4,CLT,35131,21,227.78,3.38,15417.38,15692.14,15.11,5.9,1016.85
2022,4,CVG,6166,7,240.0,3.74,16276.0,12069.71,9.93,6.67,1019.8
2022,4,DAL,10306,9,166.25,5.83,8593.11,16093.0,20.06,13.9,1011.57
2022,4,DEN,45331,16,179.33,4.94,18433.13,16093.0,8.7,-5.74,1007.35
2022,4,DFW,50859,32,169.64,4.93,9945.03,14528.19,16.37,10.83,1013.95
2022,4,DTW,22775,11,203.64,5.24,6546.45,14776.36,8.44,2.01,1017.9
2022,4,FLL,19537,10,126.0,5.19,13769.9,15771.2,25.26,21.34,1016.12
2022,4,IAH,30149,13,150.77,4.15,12200.23,16085.85,22.69,17.67,1015.65
2022,4,JFK,33103,16,206.67,6.46,13721.92,16069.75,10.36,0.97,1018.55
2022,4,LAX,38685,10,211.11,3.84,22000.0,15922.8,17.17,9.65,1013.56
2022,4,MCI,7010,8,225.0,5.06,13250.71,14472.12,11.26,1.6,1012.89
2022,4,MCO,27327,13,159.0,3.65,16667.67,15459.77,23.28,17.09,1017.02
2022,4,MEM,3634,35,172.35,4.18,13347.11,14354.46,19.11,11.92,1016.81
2022,4,ORD,54972,18,220.59,5.23,8791.61,15288.33,9.23,3.05,1013.81
2022,4,RSW,8335,11,98.89,3.61,16645.64,15800.45,22.63,18.07,1017.01
2022,4,SDF,3479,7,233.33,4.33,7200.14,16093.0,15.8,8.01,1019.24
2022,4,SEA,29766,18,173.53,3.92,5323.94,15104.39,9.1,3.93,1014.67
2022,4,SLC,18479,9,118.0,3.08,10444.5,16082.67,11.91,-0.42,1009.29
2022,4,TPA,13909,9,174.44,4.23,11999.44,14841.33,25.0,16.34,1018.44
2022,5,ATL,59852,31,198.57,3.65,14033.53,16090.0,22.22,14.58,1013.94
2022,5,AUS,16141,16,129.33,4.08,10678.44,15288.44,24.21,18.93,1010.44
2022,5,CLT,37684,19,185.62,2.95,15885.83,15993.63,21.93,15.41,1015.75
2022,5,CVG,6394,10,168.75,4.57,12173.5,16093.0,22.1,14.0,1015.7
2022,5,DAL,10827,9,231.11,4.69,2404.56,13321.44,21.89,17.43,1010.3
2022,5,DEN,48304,62,182.37,4.41,13197.64,14787.52,13.21,0.34,1007.54
2022,5,DFW,53293,38,161.14,5.78,9794.61,14499.95,24.11,17.19,1010.84
2022,5,DTW,23520,9,184.29,3.88,7726.78,15735.44,16.53,8.14,1016.29
2022,5,FLL,19473,11,194.55,3.16,18609.64,16093.0,25.15,21.16,1014.98
2022,5,IAH,32397,27,166.92,4.1,7506.27,15255.11,25.57,20.96,1012.59
2022,5,JFK,34930,27,144.0,4.81,7365.08,14879.22,16.39,10.08,1017.01
2022,5,LAX,41383,7,238.0,4.2,22000.0,15633.29,17.56,11.13,1013.77
2022,5,MCI,7552,17,146.88,4.39,13871.14,15273.35,19.96,13.79,1009.2
2022,5,MCO,27927,11,144.55,3.65,16014.45,16093.0,27.14,19.31,1014.62
2022,5,MEM,3940,28,159.23,4.17,10745.92,16079.71,22.73,16.64,1013.94
2022,5,ORD,57468,44,155.12,4.37,11870.86,15273.16,18.27,11.35,1012.96
2022,5,RSW,6027,9,171.43,2.3,17260.11,15735.44,24.0,20.49,1016.07
2022,5,SDF,3976,12,139.09,4.3,10003.36,15272.83,19.78,12.15,1015.34
2022,5,SEA,32069,16,200.0,4.07,6586.64,16075.56,13.02,6.61,1019.13
2022,5,SLC,19047,15,200.67,4.08,8928.87,15443.13,14.84,2.18,1011.33
2022,5,TPA,13442,8,215.0,3.22,17717.14,16081.38,27.44,21.05,1016.09
2022,6,ATL,57845,27,215.65,2.82,15380.15,16086.11,26.4,18.53,1015.87
2022,6,AUS,15606,14,190.0,3.79,14354.31,15626.57,27.75,21.26,1011.92
2022,6,CLT,38938,9,260.0,2.64,13841.11,15903.89,23.33,17.79,1013.16
2022,6,CVG,6613,23,203.53,2.19,16208.43,14973.52,21.93,15.12,1016.17
2022,6,DAL,10608,10,166.67,3.72,18727.8,16093.0,29.95,17.94,1013.69
2022,6,DEN,50571,115,206.8,4.2,16657.19,16031.66,18.84,5.45,1010.1
2022,6,DFW,54271,16,110.0,4.41,18165.33,16087.19,29.4,17.82,1013.31
2022,6,DTW,23304,26,234.55,2.89,18285.35,16027.54,20.01,11.24,1016.09
2022,6,FLL,17100,7,190.0,2.29,19270.86,16093.0,27.56,22.83,1015.23
2022,6,IAH,30870,20,176.47,2.78,16727.42,15600.9,27.72,21.83,1013.92
2022,6,JFK,34453,15,227.14,4.39,10917.64,14851.47,21.79,16.11,1014.13
2022,6,LAX,41094,9,203.33,2.92,8034.33,13411.0,18.4,14.62,1012.1
2022,6,MCI,7713,9,222.86,2.97,16340.75,16082.67,22.04,16.8,1013.29
2022,6,MCO,26252,16,110.0,3.46,14480.06,16087.19,27.91,22.49,1015.48
2022,6,MEM,3787,17,214.17,2.34,19462.35,15278.88,28.44,20.72,1015.61
2022,6,ORD,57349,43,212.78,2.99,13275.39,15787.12,20.31,12.21,1014.11
2022,6,RSW,4515,11,106.25,1.54,20049.91,16093.0,25.38,23.13,1015.15
2022,6,SDF,3923,9,227.5,2.12,17842.67,16093.0,26.61,17.28,1018.92
2022,6,SEA,33302,11,211.82,3.78,15049.33,16067.64,15.97,9.48,1015.31
2022,6,SLC,19560,27,201.2,4.07,14608.2,16026.52,21.54,2.96,1009.62
2022,6,TPA,11924,10,167.5,2.98,10848.1,16083.7,28.55,21.56,1012.2
2022,7,ATL,60081,34,225.17,2.32,14390.5,15751.18,26.02,21.4,1016.4
2022,7,AUS,16102,12,188.18,3.13,16800.82,16085.25,28.25,21.38,1013.63
2022,7,CLT,39571,17,220.71,2.38,9953.5,14266.0,24.69,21.89,1015.76
2022,7,CVG,7049,26,223.64,2.86,10613.96,14384.81,24.75,21.23,1014.33
2022,7,DAL,11012,29,152.76,3.94,15893.86,16093.0,30.51,19.96,1013.2
2022,7,DEN,52432,179,199.59,4.56,15745.22,16085.12,22.22,10.19,1011.87
2022,7,DFW,55697,51,154.26,5.24,19115.73,16093.0,31.76,18.59,1012.77
2022,7,DTW,23432,63,233.93,3.36,9488.8,15151.81,21.89,16.42,1012.3
2022,7,FLL,17606,12,125.45,3.82,17846.17,16093.0,28.81,23.77,1017.78
2022,7,IAH,31912,23,180.0,2.35,19828.83,15669.13,28.93,23.57,1015.91
2022,7,JFK,36873,21,157.14,3.88,12770.24,16066.43,24.52,17.36,1014.77
2022,7,LAX,43288,6,222.5,1.48,15631.83,16093.0,18.23,15.32,1014.75
2022,7,MCI,7869,18,179.41,3.51,9187.19,13753.0,24.44,19.67,1013.71
2022,7,MCO,28171,9,117.14,2.22,18110.22,16093.0,27.66,22.78,1019.19
2022,7,MEM,3876,18,190.0,2.86,16709.53,15809.33,29.97,21.5,1015.28
2022,7,ORD,59031,45,215.81,3.43,14369.78,15663.87,22.29,16.37,1012.74
2022,7,RSW,4564,10,130.0,2.63,22000.0,16093.0,27.11,24.77,1017.82
2022,7,SDF,4036,26,246.5,2.58,15162.5,16082.27,27.36,20.09,1012.96
2022,7,SEA,35980,10,155.0,1.8,16229.1,16093.0,20.44,13.73,1016.61
2022,7,SLC,20384,29,166.8,4.8,20296.0,16089.68,28.55,4.98,1008.91
2022,7,TPA,12492,7,201.43,3.1,18987.71,14253.86,30.87,23.34,1018.56
2022,8,ATL,59941,31,184.4,2.5,11450.81,14996.81,24.78,20.97,1018.0
2022,8,AUS,16059,16,179.23,2.48,13365.62,16093.0,25.98,22.54,1014.68
2022,8,CLT,39068,26,218.0,2.28,14771.33,15772.85,26.08,20.41,1015.22
2022,8,CVG,6737,22,153.16,3.16,10676.41,13953.45,22.22,18.94,1016.87
2022,8,DAL,10879,22,164.21,3.2,16277.41,16093.0,30.0,20.29,1013.18
2022,8,DEN,52431,73,186.62,4.95,16904.46,16019.49,22.21,10.57,1012.29
2022,8,DFW,54642,63,147.38,4.36,12728.93,16090.05,28.94,19.8,1012.87
2022,8,DTW,23326,46,213.81,3.36,11337.07,14563.15,21.67,16.53,1015.97
2022,8,FLL,17387,19,153.89,3.17,15949.37,16093.0,28.69,23.91,1015.06
2022,8,IAH,31036,23,111.25,2.4,13810.65,15673.17,26.64,23.8,1013.93
2022,8,JFK,36785,38,184.59,3.78,14299.66,15281.87,24.04,18.71,1016.36
2022,8,LAX,42440,9,241.67,1.6,18883.29,16072.33,20.24,17.18,1012.81
2022,8,MCI,7899,8,145.0,2.91,19005.14,14874.38,25.76,19.19,1016.59
2022,8,MCO,27692,33,127.92,2.43,14351.94,15935.42,27.64,23.29,1016.53
2022,8,MEM,3746,40,136.25,2.48,15464.32,15657.2,26.67,21.54,1016.5
2022,8,ORD,57886,40,206.22,3.27,11958.21,15628.02,21.18,16.25,1015.9
2022,8,RSW,4405,28,115.0,2.1,17480.54,15633.21,26.93,24.29,1016.74
2022,8,SDF,3894,35,225.81,2.44,18086.11,16087.69,23.17,18.64,1016.49
2022,8,SEA,35992,15,231.33,3.74,11975.08,15531.8,19.01,12.42,1015.91
2022,8,SLC,20458,32,216.4,3.12,12885.06,16093.0,26.98,11.11,1011.78
2022,8,TPA,12199,8,134.29,2.31,13590.75,16093.0,28.12,23.32,1016.89
2022,9,ATL,57534,47,217.61,3.38,17674.87,15710.43,24.81,16.05,1014.62
2022,9,AUS,15566,18,114.44,1.57,17252.0,16093.0,23.76,18.06,1014.1
2022,9,CLT,36097,22,217.37,3.11,15950.73,15689.0,22.53,13.39,1016.13
2022,9,CVG,6446,30,202.31,2.88,14798.13,14213.27,19.39,15.37,1017.06
2022,9,DAL,11181,23,172.63,2.6,18116.17,16093.0,23.07,15.0,1016.45
2022,9,DEN,51227,108,202.9,4.24,17607.39,15507.01,16.51,4.13,1014.38
2022,9,DFW,52332,28,195.0,3.31,18980.43,16089.68,25.4,16.02,1015.36
2022,9,DTW,21896,30,202.5,2.71,10701.8,14789.5,16.93,12.55,1017.4
2022,9,FLL,15320,28,227.08,3.13,14599.21,15575.71,28.04,23.84,1012.76
2022,9,IAH,30216,20,213.08,1.64,16326.95,15600.9,24.69,20.81,1014.46
2022,9,JFK,35186,28,230.36,4.72,17284.04,16076.39,18.11,9.64,1016.63
2022,9,LAX,39232,21,188.1,3.88,17615.33,16088.57,23.1,17.72,1011.07
2022,9,MCI,7711,20,152.11,4.12,17144.21,15847.0,18.32,10.86,1018.15
2022,9,MCO,23571,39,153.0,2.75,14634.85,16093.0,28.18,22.13,1013.36
2022,9,MEM,3705,37,98.15,2.86,17782.74,15898.95,24.31,15.61,1016.16
2022,9,ORD,56803,48,238.61,2.98,12373.62,15836.19,17.71,12.29,1017.22
2022,9,RSW,3735,13,100.91,2.07,14054.23,16093.0,25.55,23.65,1013.96
2022,9,SDF,3698,28,180.87,2.61,11629.0,16086.36,23.83,16.92,1015.92
2022,9,SEA,34741,13,134.55,3.24,14326.23,15962.08,16.35,10.26,1016.62
2022,9,SLC,19226,39,188.29,3.64,18319.37,15748.95,22.09,5.9,1012.15
2022,9,TPA,10547,14,175.45,2.54,11404.0,16086.36,29.36,22.23,1013.28
2022,10,ATL,59231,30,281.54,3.81,19783.21,16089.9,16.2,7.0,1017.11
2022,10,AUS,16089,15,102.0,2.94,15005.0,15550.4,18.85,10.45,1017.48
2022,10,CLT,38545,26,159.57,3.35,15703.0,15831.15,17.49,9.27,1016.61
2022,10,CVG,6647,17,171.88,3.39,17161.0,15998.35,13.74,5.44,1021.19
2022,10,DAL,11658,23,195.29,3.14,18065.52,16093.0,17.63,7.83,1018.87
2022,10,DEN,51958,63,208.39,4.14,17343.65,15808.47,10.19,-1.05,1014.44
2022,10,DFW,53195,29,207.2,3.63,16941.11,16034.31,21.88,9.78,1016.99
2022,10,DTW,21975,22,212.0,3.37,6988.94,15390.14,11.28,4.0,1017.79
2022,10,FLL,16972,31,241.72,3.03,13000.58,16093.0,25.26,21.6,1013.83
2022,10,IAH,32032,19,190.59,2.96,16201.21,16088.11,19.43,10.8,1018.14
2022,10,JFK,35770,37,225.14,5.18,16594.44,15088.35,14.28,5.93,1020.08
2022,10,LAX,39606,11,214.44,2.85,12257.73,14630.09,19.15,12.43,1015.13
2022,10,MCI,8031,14,205.83,4.04,17978.15,14936.93,15.49,0.84,1014.15
2022,10,MCO,28065,18,221.33,3.44,20097.44,16093.0,23.88,17.23,1014.51
2022,10,MEM,3703,45,204.47,3.32,18802.3,15648.4,15.88,6.28,1017.39
2022,10,ORD,56665,40,215.83,4.17,13858.55,15891.85,10.12,2.11,1017.85
2022,10,RSW,3236,12,77.27,2.8,18498.5,16093.0,22.01,17.56,1015.89
2022,10,SDF,3901,19,187.65,4.25,15398.17,15834.0,13.33,2.58,1019.02
2022,10,SEA,33151,17,222.14,2.94,12651.12,13526.18,12.13,8.42,1020.79
2022,10,SLC,18755,24,204.55,3.54,16782.82,16085.25,13.29,1.06,1016.8
2022,10,TPA,12340,19,170.0,2.71,14548.0,16008.32,22.52,15.94,1014.91
2022,11,ATL,57594,28,150.38,4.3,12352.29,15633.21,14.07,6.3,1022.65
2022,11,AUS,15357,7,241.43,5.06,16097.43,14713.57,16.67,10.9,1013.44
2022,11,CLT,36631,17,161.54,3.08,15687.53,16093.0,16.56,4.9,1020.23
2022,11,CVG,6393,9,225.0,3.38,15063.0,14305.0,5.98,1.61,1021.78
2022,11,DAL,11426,6,158.0,3.42,3830.5,15020.17,17.75,14.27,1019.37
2022,11,DEN,48637,16,204.38,5.39,15651.64,15170.31,3.57,-7.68,1011.39
2022,11,DFW,48333,16,177.5,3.56,13180.07,13445.19,12.1,7.34,1020.03
2022,11,DTW,21533,10,171.11,2.62,10723.44,14474.5,4.5,0.0,1022.83
2022,11,FLL,18407,13,137.5,3.48,9657.23,15721.62,25.22,21.49,1016.74
2022,11,IAH,30620,7,128.33,2.86,11183.43,15173.43,16.67,10.07,1020.09
2022,11,JFK,34507,18,263.53,5.29,16745.0,15714.78,10.42,1.08,1022.89
2022,11,LAX,38567,13,174.17,2.93,18849.85,15226.46,14.56,8.78,1016.67
2022,11,MCI,7523,7,180.0,4.63,11721.33,15160.14,6.43,-2.37,1021.14
2022,11,MCO,27172,17,155.38,3.11,15786.18,14856.94,23.23,20.04,1018.31
2022,11,MEM,3574,23,154.44,2.56,15762.43,15718.09,14.97,8.26,1023.4
2022,11,ORD,52529,23,253.18,5.09,8504.7,15599.17,1.16,-5.33,1019.2
2022,11,RSW,6054,6,102.0,3.33,18343.5,13947.33,22.5,21.02,1015.42
2022,11,SDF,3672,12,189.0,4.03,8829.09,14338.0,11.64,4.0,1021.33
2022,11,SEA,30296,13,168.33,3.31,13724.83,14447.38,5.3,0.85,1019.61
2022,11,SLC,17660,15,267.14,4.15,12800.13,15556.6,3.44,-5.05,1023.28
2022,11,TEB,1,4,296.67,2.45,16850.5,16093.0,9.18,3.18,1026.78
2022,11,TPA,13044,10,77.0,3.57,7910.7,15288.4,21.45,17.06,1018.28
2022,12,ATL,57249,6,196.67,3.68,13559.8,16077.5,12.78,8.25,1020.7
2022,12,AUS,14583,8,195.71,4.26,3485.25,14483.75,14.66,9.3,1015.93
2022,12,CLT,37130,6,92.0,2.5,15388.0,13947.33,7.68,-2.6,1021.58
2022,12,CVG,6114,4,147.5,5.0,9152.0,14460.5,5.42,-0.82,1022.9
2022,12,DAL,10524,1,170.0,3.6,213.0,16093.0,9.4,8.3,1019.5
2022,12,DEN,47115,21,210.95,5.31,17696.35,15337.0,-0.88,-10.74,1012.28
2022,12,DFW,49784,7,130.0,4.17,13081.0,15173.43,7.04,0.94,1016.92
2022,12,DTW,20547,5,205.0,4.53,1165.75,14886.25,0.55,-3.48,1028.55
2022,12,FLL,20481,10,228.89,3.4,14300.3,15610.2,21.22,15.96,1018.45
2022,12,IAH,30858,3,196.67,3.43,457.0,13380.0,20.93,18.73,1015.45
2022,12,JFK,34531,18,201.67,5.73,10888.67,14036.72,1.97,-1.92,1020.47
2022,12,LAX,39044,10,135.71,2.37,15716.9,15449.3,11.14,6.41,1018.74
2022,12,MCI,6994,2,195.0,5.95,6096.0,16093.0,9.7,0.0,1009.25
2022,12,MCO,29907,14,241.54,3.19,19140.14,16093.0,17.07,11.79,1023.49
2022,12,MEM,3743,7,263.33,4.4,12641.14,10115.57,3.79,0.77,1022.3
2022,12,ORD,53139,6,213.33,3.43,8435.83,13947.33,0.1,-6.65,1024.87
2022,12,RSW,6248,2,40.0,0.75,22000.0,16093.0,18.35,16.95,1017.85
2022,12,SDF,3488,1,300.0,1.5,22000.0,16093.0,-2.8,-8.9,1035.3
2022,12,SEA,28522,5,133.33,2.16,1074.5,12177.6,3.78,1.68,1010.85
2022,12,SLC,17669,4,280.0,2.33,11312.5,12271.0,-2.23,-4.82,1023.73
2022,12,TPA,13779,3,63.33,3.43,14758.0,16093.0,15.33,8.33,1024.65
2023,1,ATL,58296,6,320.0,2.47,17612.2,13348.83,2.57,-1.32,1025.06
2023,1,AUS,14993,11,241.67,1.73,17290.56,13691.0,11.81,6.22,1015.81
2023,1,CLT,36426,1,,0.0,945.0,16093.0,15.6,12.8,
2023,1,CVG,6112,2,200.0,2.05,11350.5,13679.0,-0.55,-3.6,1024.75
2023,1,DAL,11351,10,325.0,4.81,1703.6,14644.7,0.87,-3.39,1023.89
2023,1,DEN,47839,40,198.68,3.98,15372.89,14480.28,-4.34,-9.73,1017.6
2023,1,DFW,48438,10,215.0,4.42,15716.0,14873.0,11.21,3.54,1015.52
2023,1,DTW,21658,4,263.33,2.95,1280.0,12029.0,-2.1,-5.28,1014.45
2023,1,FLL,20663,10,250.0,2.64,15790.1,16093.0,17.84,13.07,1020.44
2023,1,IAH,30732,13,178.0,3.43,8839.55,11491.23,14.53,12.05,1018.91
2023,1,JFK,34603,7,267.14,5.66,11822.83,15053.14,2.16,-3.34,1018.89
2023,1,LAX,39248,5,53.33,1.74,13972.0,15090.2,10.66,6.46,1017.54
2023,1,MCI,7417,1,310.0,7.7,366.0,14484.0,-1.1,-5.0,1025.8
2023,1,MCO,30344,21,174.67,1.92,13581.0,11125.57,14.56,12.96,1021.09
2023,1,MEM,3745,6,250.0,3.97,1199.0,11608.5,11.3,9.18,1017.5
2023,1,ORD,52059,3,175.0,2.57,467.67,13411.0,1.47,-1.67,1019.17
2023,1,RSW,6815,6,44.0,2.75,18765.17,16093.0,15.47,10.63,1020.18
2023,1,SDF,3781,2,250.0,7.2,22000.0,16093.0,13.9,8.3,
2023,1,SEA,29888,6,197.5,2.65,4378.0,14200.0,7.4,3.13,1018.12
2023,1,SLC,18594,3,213.33,3.6,1768.0,16062.0,3.13,-2.2,1023.6
2023,1,TPA,14162,13,182.73,2.62,12144.73,14473.0,18.25,14.66,1020.4
2023,2,ATL,52991,17,253.57,3.71,9498.64,15084.0,9.88,4.38,1021.04
2023,2,AUS,13636,5,250.0,4.64,11541.0,14787.0,15.34,8.46,1015.96
2023,2,CLT,34167,4,165.0,4.15,14505.0,15046.5,3.45,-1.95,1023.5
2023,2,CVG,5909,2,140.0,2.05,14810.0,16093.0,3.9,-3.35,1014.85
2023,2,DAL,10395,6,268.0,4.55,11472.33,13142.67,8.9,3.68,1019.02
2023,2,DEN,44529,22,199.52,5.08,17818.62,15125.14,-2.04,-9.9,1012.21
2023,2,DFW,46364,7,248.57,5.46,17206.67,15508.29,7.06,1.13,1022.93
2023,2,DTW,19647,5,230.0,4.96,6082.4,15449.4,0.72,-4.8,1020.13
2023,2,FLL,19340,2,230.0,2.8,14810.0,16093.0,23.85,20.0,1023.5
2023,2,IAH,28786,12,207.78,3.18,7942.12,13887.58,14.18,10.88,1021.38
2023,2,JFK,32344,9,227.78,4.92,17412.43,14374.67,3.33,-2.77,1018.82
2023,2,LAX,35237,10,58.33,2.09,22000.0,15418.6,8.67,2.37,1019.66
2023,2,MCI,6936,0,,,,,,,
2023,2,MCO,28561,14,210.0,2.9,20176.83,13310.29,19.75,14.8,1020.57
2023,2,MEM,3413,7,138.0,3.24,12767.83,14214.0,6.59,2.3,1022.82
2023,2,ORD,49138,2,230.0,3.05,22000.0,16093.0,3.6,-5.0,1023.05
2023,2,RSW,6641,5,165.0,2.36,17868.2,16093.0,19.76,17.22,1019.82
2023,2,SDF,3573,5,180.0,4.62,3373.33,13641.8,9.64,3.14,1016.42
2023,2,SEA,27035,4,180.0,4.62,6010.5,14081.5,5.08,2.62,1027.8
2023,2,SLC,16845,5,228.0,3.0,13095.5,14465.2,-1.2,-7.44,1025.6
2023,2,TPA,13362,5,160.0,3.08,16850.5,15412.2,20.24,16.44,1020.08
2023,3,ATL,61792,25,209.2,4.24,15853.26,15044.44,11.6,2.75,1020.42
2023,3,AUS,16384,10,192.22,4.94,11657.33,14183.5,16.84,11.6,1015.06
2023,3,CLT,39517,13,163.33,3.69,13911.91,13947.77,14.71,6.92,1017.35
2023,3,CVG,7172,7,212.86,5.6,16881.0,14109.0,1.67,-2.07,1016.7
2023,3,DAL,12191,4,227.5,3.35,9157.75,16093.0,11.95,3.62,1018.22
2023,3,DEN,51973,21,147.65,3.32,10825.05,11711.48,-0.64,-6.21,1012.67
2023,3,DFW,52207,10,157.0,5.41,9196.9,16083.7,14.1,6.88,1021.35
2023,3,DTW,23462,14,154.0,2.69,17909.75,13676.54,-0.35,-5.14,1021.2
2023,3,FLL,22830,9,198.75,3.28,19677.44,16093.0,22.18,16.18,1018.92
2023,3,IAH,33370,8,190.0,1.88,9964.67,8250.62,18.9,15.29,1012.32
2023,3,JFK,37657,17,211.18,6.24,15591.2,15279.88,6.0,-0.76,1016.51
2023,3,LAX,40562,13,222.22,3.42,14153.88,15735.23,11.35,4.18,1017.13
2023,3,MCI,8136,4,136.67,4.0,11152.5,15121.0,3.65,-0.98,1018.4
2023,3,MCO,33257,11,212.86,2.91,15129.12,15241.0,18.13,13.03,1021.63
2023,3,MEM,4020,8,168.57,3.85,19603.33,16046.5,11.39,1.6,1019.99
2023,3,ORD,55153,8,183.75,4.32,13764.43,15679.12,3.05,-1.46,1015.29
2023,3,RSW,7739,2,140.0,4.9,22000.0,16093.0,19.2,14.15,1018.35
2023,3,SDF,4170,13,135.45,2.73,15306.83,15293.0,10.29,1.5,1018.58
2023,3,SEA,30948,7,191.43,2.73,2901.6,16066.43,6.83,1.03,1010.96
2023,3,SLC,19361,18,206.67,3.56,5907.86,15446.5,4.41,-1.93,1014.81
2023,3,TPA,16195,9,181.11,2.76,16846.43,14794.89,19.83,15.34,1019.26
2023,4,ATL,60149,28,197.6,3.0,16375.5,14739.18,16.14,7.87,1017.79
2023,4,AUS,15653,25,228.1,4.2,7946.14,14160.56,20.46,15.36,1008.9
2023,4,CLT,38822,16,235.33,3.27,14772.8,15157.56,20.7,11.5,1015.89
2023,4,CVG,6963,6,230.0,4.63,18556.83,14611.67,9.9,5.28,1012.33
2023,4,DAL,11531,15,157.33,4.35,7770.73,14778.73,16.3,10.91,1011.32
2023,4,DEN,49977,32,200.31,4.48,17006.03,15603.5,7.19,-5.37,1012.66
2023,4,DFW,51002,43,147.14,5.06,11241.0,14523.19,15.5,8.94,1014.9
2023,4,DTW,22460,3,175.0,1.37,,13000.0,6.47,0.53,1022.1
2023,4,FLL,20181,14,211.43,4.92,12258.36,16093.0,25.09,20.54,1013.76
2023,4,IAH,31215,28,134.78,3.55,10262.58,14704.14,16.39,12.95,1013.5
2023,4,JFK,36882,10,193.0,3.39,15018.89,12636.1,10.22,5.68,1019.26
2023,4,LAX,40072,13,196.92,4.05,11785.62,14112.38,16.08,10.0,1015.56
2023,4,MCI,7967,9,144.44,6.73,14574.29,16072.33,16.97,4.81,1008.7
2023,4,MCO,32232,22,116.84,3.98,14948.36,15605.5,23.54,17.44,1015.24
2023,4,MEM,3932,22,161.82,3.84,12097.31,15770.86,15.31,9.25,1014.75
2023,4,ORD,54425,21,193.33,4.2,14818.35,15349.95,6.66,0.23,1018.44
2023,4,RSW,6897,5,183.33,2.06,13309.8,13035.4,21.66,17.76,1016.57
2023,4,SDF,4119,13,225.0,3.48,14530.86,14316.31,15.58,7.91,1013.65
2023,4,SEA,31254,19,192.94,3.43,8245.8,15325.11,8.67,4.05,1017.73
2023,4,SLC,18188,15,203.08,3.35,9581.0,15202.47,8.25,-1.56,1016.93
2023,4,TPA,15766,8,155.71,3.68,17642.6,15595.38,20.9,16.18,1014.51
